Page,Label,Sequence,RV,DefaultImage
urn:cite:episteme:muncg212.1r,"Munich Codex Graecus 212, folio 1 recto",6,recto,urn:cite:episteme:muncg212img.MunCG212-page6
urn:cite:episteme:muncg212.1v,"Munich Codex Graecus 212, folio 1 verso",7,verso,urn:cite:episteme:muncg212img.MunCG212-page7
urn:cite:episteme:muncg212.2r,"Munich Codex Graecus 212, folio 2 recto",8,recto,urn:cite:episteme:muncg212img.MunCG212-page8
urn:cite:episteme:muncg212.2v,"Munich Codex Graecus 212, folio 2 verso",9,verso,urn:cite:episteme:muncg212img.MunCG212-page9
urn:cite:episteme:muncg212.3r,"Munich Codex Graecus 212, folio 3 recto",10,recto,urn:cite:episteme:muncg212img.MunCG212-page10
urn:cite:episteme:muncg212.3v,"Munich Codex Graecus 212, folio 3 verso",11,verso,urn:cite:episteme:muncg212img.MunCG212-page11
urn:cite:episteme:muncg212.4r,"Munich Codex Graecus 212, folio 4 recto",12,recto,urn:cite:episteme:muncg212img.MunCG212-page12
urn:cite:episteme:muncg212.4v,"Munich Codex Graecus 212, folio 4 verso",13,verso,urn:cite:episteme:muncg212img.MunCG212-page13
urn:cite:episteme:muncg212.5r,"Munich Codex Graecus 212, folio 5 recto",14,recto,urn:cite:episteme:muncg212img.MunCG212-page14
urn:cite:episteme:muncg212.5v,"Munich Codex Graecus 212, folio 5 verso",15,verso,urn:cite:episteme:muncg212img.MunCG212-page15
urn:cite:episteme:muncg212.6r,"Munich Codex Graecus 212, folio 6 recto",16,recto,urn:cite:episteme:muncg212img.MunCG212-page16
urn:cite:episteme:muncg212.6v,"Munich Codex Graecus 212, folio 6 verso",17,verso,urn:cite:episteme:muncg212img.MunCG212-page17
urn:cite:episteme:muncg212.7r,"Munich Codex Graecus 212, folio 7 recto",18,recto,urn:cite:episteme:muncg212img.MunCG212-page18
urn:cite:episteme:muncg212.7v,"Munich Codex Graecus 212, folio 7 verso",19,verso,urn:cite:episteme:muncg212img.MunCG212-page19
urn:cite:episteme:muncg212.8r,"Munich Codex Graecus 212, folio 8 recto",20,recto,urn:cite:episteme:muncg212img.MunCG212-page20
urn:cite:episteme:muncg212.8v,"Munich Codex Graecus 212, folio 8 verso",21,verso,urn:cite:episteme:muncg212img.MunCG212-page21
urn:cite:episteme:muncg212.9r,"Munich Codex Graecus 212, folio 9 recto",22,recto,urn:cite:episteme:muncg212img.MunCG212-page22
urn:cite:episteme:muncg212.9v,"Munich Codex Graecus 212, folio 9 verso",23,verso,urn:cite:episteme:muncg212img.MunCG212-page23
urn:cite:episteme:muncg212.10r,"Munich Codex Graecus 212, folio 10 recto",24,recto,urn:cite:episteme:muncg212img.MunCG212-page24
urn:cite:episteme:muncg212.10v,"Munich Codex Graecus 212, folio 10 verso",25,verso,urn:cite:episteme:muncg212img.MunCG212-page25
urn:cite:episteme:muncg212.11r,"Munich Codex Graecus 212, folio 11 recto",26,recto,urn:cite:episteme:muncg212img.MunCG212-page26
urn:cite:episteme:muncg212.11v,"Munich Codex Graecus 212, folio 11 verso",27,verso,urn:cite:episteme:muncg212img.MunCG212-page27
urn:cite:episteme:muncg212.12r,"Munich Codex Graecus 212, folio 12 recto",28,recto,urn:cite:episteme:muncg212img.MunCG212-page28
urn:cite:episteme:muncg212.12v,"Munich Codex Graecus 212, folio 12 verso",29,verso,urn:cite:episteme:muncg212img.MunCG212-page29
urn:cite:episteme:muncg212.13r,"Munich Codex Graecus 212, folio 13 recto",30,recto,urn:cite:episteme:muncg212img.MunCG212-page30
urn:cite:episteme:muncg212.13v,"Munich Codex Graecus 212, folio 13 verso",31,verso,urn:cite:episteme:muncg212img.MunCG212-page31
urn:cite:episteme:muncg212.14r,"Munich Codex Graecus 212, folio 14 recto",32,recto,urn:cite:episteme:muncg212img.MunCG212-page32
urn:cite:episteme:muncg212.14v,"Munich Codex Graecus 212, folio 14 verso",33,verso,urn:cite:episteme:muncg212img.MunCG212-page33
urn:cite:episteme:muncg212.15r,"Munich Codex Graecus 212, folio 15 recto",34,recto,urn:cite:episteme:muncg212img.MunCG212-page34
urn:cite:episteme:muncg212.15v,"Munich Codex Graecus 212, folio 15 verso",35,verso,urn:cite:episteme:muncg212img.MunCG212-page35
urn:cite:episteme:muncg212.16r,"Munich Codex Graecus 212, folio 16 recto",36,recto,urn:cite:episteme:muncg212img.MunCG212-page36
urn:cite:episteme:muncg212.16v,"Munich Codex Graecus 212, folio 16 verso",37,verso,urn:cite:episteme:muncg212img.MunCG212-page37
urn:cite:episteme:muncg212.17r,"Munich Codex Graecus 212, folio 17 recto",38,recto,urn:cite:episteme:muncg212img.MunCG212-page38
urn:cite:episteme:muncg212.17v,"Munich Codex Graecus 212, folio 17 verso",39,verso,urn:cite:episteme:muncg212img.MunCG212-page39
urn:cite:episteme:muncg212.18r,"Munich Codex Graecus 212, folio 18 recto",40,recto,urn:cite:episteme:muncg212img.MunCG212-page40
urn:cite:episteme:muncg212.18v,"Munich Codex Graecus 212, folio 18 verso",41,verso,urn:cite:episteme:muncg212img.MunCG212-page41
urn:cite:episteme:muncg212.19r,"Munich Codex Graecus 212, folio 19 recto",42,recto,urn:cite:episteme:muncg212img.MunCG212-page42
urn:cite:episteme:muncg212.19v,"Munich Codex Graecus 212, folio 19 verso",43,verso,urn:cite:episteme:muncg212img.MunCG212-page43
urn:cite:episteme:muncg212.20r,"Munich Codex Graecus 212, folio 20 recto",44,recto,urn:cite:episteme:muncg212img.MunCG212-page44
urn:cite:episteme:muncg212.20v,"Munich Codex Graecus 212, folio 20 verso",45,verso,urn:cite:episteme:muncg212img.MunCG212-page45
urn:cite:episteme:muncg212.21r,"Munich Codex Graecus 212, folio 21 recto",46,recto,urn:cite:episteme:muncg212img.MunCG212-page46
urn:cite:episteme:muncg212.21v,"Munich Codex Graecus 212, folio 21 verso",47,verso,urn:cite:episteme:muncg212img.MunCG212-page47
urn:cite:episteme:muncg212.22r,"Munich Codex Graecus 212, folio 22 recto",48,recto,urn:cite:episteme:muncg212img.MunCG212-page48
urn:cite:episteme:muncg212.22v,"Munich Codex Graecus 212, folio 22 verso",49,verso,urn:cite:episteme:muncg212img.MunCG212-page49
urn:cite:episteme:muncg212.23r,"Munich Codex Graecus 212, folio 23 recto",50,recto,urn:cite:episteme:muncg212img.MunCG212-page50
urn:cite:episteme:muncg212.23v,"Munich Codex Graecus 212, folio 23 verso",51,verso,urn:cite:episteme:muncg212img.MunCG212-page51
urn:cite:episteme:muncg212.24r,"Munich Codex Graecus 212, folio 24 recto",52,recto,urn:cite:episteme:muncg212img.MunCG212-page52
urn:cite:episteme:muncg212.24v,"Munich Codex Graecus 212, folio 24 verso",53,verso,urn:cite:episteme:muncg212img.MunCG212-page53
urn:cite:episteme:muncg212.25r,"Munich Codex Graecus 212, folio 25 recto",54,recto,urn:cite:episteme:muncg212img.MunCG212-page54
urn:cite:episteme:muncg212.25v,"Munich Codex Graecus 212, folio 25 verso",55,verso,urn:cite:episteme:muncg212img.MunCG212-page55
urn:cite:episteme:muncg212.26r,"Munich Codex Graecus 212, folio 26 recto",56,recto,urn:cite:episteme:muncg212img.MunCG212-page56
urn:cite:episteme:muncg212.26v,"Munich Codex Graecus 212, folio 26 verso",57,verso,urn:cite:episteme:muncg212img.MunCG212-page57
urn:cite:episteme:muncg212.27r,"Munich Codex Graecus 212, folio 27 recto",58,recto,urn:cite:episteme:muncg212img.MunCG212-page58
urn:cite:episteme:muncg212.27v,"Munich Codex Graecus 212, folio 27 verso",59,verso,urn:cite:episteme:muncg212img.MunCG212-page59
urn:cite:episteme:muncg212.28r,"Munich Codex Graecus 212, folio 28 recto",60,recto,urn:cite:episteme:muncg212img.MunCG212-page60
urn:cite:episteme:muncg212.28v,"Munich Codex Graecus 212, folio 28 verso",61,verso,urn:cite:episteme:muncg212img.MunCG212-page61
urn:cite:episteme:muncg212.29r,"Munich Codex Graecus 212, folio 29 recto",62,recto,urn:cite:episteme:muncg212img.MunCG212-page62
urn:cite:episteme:muncg212.29v,"Munich Codex Graecus 212, folio 29 verso",63,verso,urn:cite:episteme:muncg212img.MunCG212-page63
urn:cite:episteme:muncg212.30r,"Munich Codex Graecus 212, folio 30 recto",64,recto,urn:cite:episteme:muncg212img.MunCG212-page64
urn:cite:episteme:muncg212.30v,"Munich Codex Graecus 212, folio 30 verso",65,verso,urn:cite:episteme:muncg212img.MunCG212-page65
urn:cite:episteme:muncg212.31r,"Munich Codex Graecus 212, folio 31 recto",66,recto,urn:cite:episteme:muncg212img.MunCG212-page66
urn:cite:episteme:muncg212.31v,"Munich Codex Graecus 212, folio 31 verso",67,verso,urn:cite:episteme:muncg212img.MunCG212-page67
urn:cite:episteme:muncg212.32r,"Munich Codex Graecus 212, folio 32 recto",68,recto,urn:cite:episteme:muncg212img.MunCG212-page68
urn:cite:episteme:muncg212.32v,"Munich Codex Graecus 212, folio 32 verso",69,verso,urn:cite:episteme:muncg212img.MunCG212-page69
urn:cite:episteme:muncg212.33r,"Munich Codex Graecus 212, folio 33 recto",70,recto,urn:cite:episteme:muncg212img.MunCG212-page70
urn:cite:episteme:muncg212.33v,"Munich Codex Graecus 212, folio 33 verso",71,verso,urn:cite:episteme:muncg212img.MunCG212-page71
urn:cite:episteme:muncg212.34r,"Munich Codex Graecus 212, folio 34 recto",72,recto,urn:cite:episteme:muncg212img.MunCG212-page72
urn:cite:episteme:muncg212.34v,"Munich Codex Graecus 212, folio 34 verso",73,verso,urn:cite:episteme:muncg212img.MunCG212-page73
urn:cite:episteme:muncg212.35r,"Munich Codex Graecus 212, folio 35 recto",74,recto,urn:cite:episteme:muncg212img.MunCG212-page74
urn:cite:episteme:muncg212.35v,"Munich Codex Graecus 212, folio 35 verso",75,verso,urn:cite:episteme:muncg212img.MunCG212-page75
urn:cite:episteme:muncg212.36r,"Munich Codex Graecus 212, folio 36 recto",76,recto,urn:cite:episteme:muncg212img.MunCG212-page76
urn:cite:episteme:muncg212.36v,"Munich Codex Graecus 212, folio 36 verso",77,verso,urn:cite:episteme:muncg212img.MunCG212-page77
urn:cite:episteme:muncg212.37r,"Munich Codex Graecus 212, folio 37 recto",78,recto,urn:cite:episteme:muncg212img.MunCG212-page78
urn:cite:episteme:muncg212.37v,"Munich Codex Graecus 212, folio 37 verso",79,verso,urn:cite:episteme:muncg212img.MunCG212-page79
urn:cite:episteme:muncg212.38r,"Munich Codex Graecus 212, folio 38 recto",80,recto,urn:cite:episteme:muncg212img.MunCG212-page80
urn:cite:episteme:muncg212.38v,"Munich Codex Graecus 212, folio 38 verso",81,verso,urn:cite:episteme:muncg212img.MunCG212-page81
urn:cite:episteme:muncg212.39r,"Munich Codex Graecus 212, folio 39 recto",82,recto,urn:cite:episteme:muncg212img.MunCG212-page82
urn:cite:episteme:muncg212.39v,"Munich Codex Graecus 212, folio 39 verso",83,verso,urn:cite:episteme:muncg212img.MunCG212-page83
urn:cite:episteme:muncg212.40r,"Munich Codex Graecus 212, folio 40 recto",84,recto,urn:cite:episteme:muncg212img.MunCG212-page84
urn:cite:episteme:muncg212.40v,"Munich Codex Graecus 212, folio 40 verso",85,verso,urn:cite:episteme:muncg212img.MunCG212-page85
urn:cite:episteme:muncg212.41r,"Munich Codex Graecus 212, folio 41 recto",86,recto,urn:cite:episteme:muncg212img.MunCG212-page86
urn:cite:episteme:muncg212.41v,"Munich Codex Graecus 212, folio 41 verso",87,verso,urn:cite:episteme:muncg212img.MunCG212-page87
urn:cite:episteme:muncg212.42r,"Munich Codex Graecus 212, folio 42 recto",88,recto,urn:cite:episteme:muncg212img.MunCG212-page88
urn:cite:episteme:muncg212.42v,"Munich Codex Graecus 212, folio 42 verso",89,verso,urn:cite:episteme:muncg212img.MunCG212-page89
urn:cite:episteme:muncg212.43r,"Munich Codex Graecus 212, folio 43 recto",90,recto,urn:cite:episteme:muncg212img.MunCG212-page90
urn:cite:episteme:muncg212.43v,"Munich Codex Graecus 212, folio 43 verso",91,verso,urn:cite:episteme:muncg212img.MunCG212-page91
urn:cite:episteme:muncg212.44r,"Munich Codex Graecus 212, folio 44 recto",92,recto,urn:cite:episteme:muncg212img.MunCG212-page92
urn:cite:episteme:muncg212.44v,"Munich Codex Graecus 212, folio 44 verso",93,verso,urn:cite:episteme:muncg212img.MunCG212-page93
urn:cite:episteme:muncg212.45r,"Munich Codex Graecus 212, folio 45 recto",94,recto,urn:cite:episteme:muncg212img.MunCG212-page94
urn:cite:episteme:muncg212.45v,"Munich Codex Graecus 212, folio 45 verso",95,verso,urn:cite:episteme:muncg212img.MunCG212-page95
urn:cite:episteme:muncg212.46r,"Munich Codex Graecus 212, folio 46 recto",96,recto,urn:cite:episteme:muncg212img.MunCG212-page96
urn:cite:episteme:muncg212.46v,"Munich Codex Graecus 212, folio 46 verso",97,verso,urn:cite:episteme:muncg212img.MunCG212-page97
urn:cite:episteme:muncg212.47r,"Munich Codex Graecus 212, folio 47 recto",98,recto,urn:cite:episteme:muncg212img.MunCG212-page98
urn:cite:episteme:muncg212.47v,"Munich Codex Graecus 212, folio 47 verso",99,verso,urn:cite:episteme:muncg212img.MunCG212-page99
urn:cite:episteme:muncg212.48r,"Munich Codex Graecus 212, folio 48 recto",100,recto,urn:cite:episteme:muncg212img.MunCG212-page100
urn:cite:episteme:muncg212.48v,"Munich Codex Graecus 212, folio 48 verso",101,verso,urn:cite:episteme:muncg212img.MunCG212-page101
urn:cite:episteme:muncg212.49r,"Munich Codex Graecus 212, folio 49 recto",102,recto,urn:cite:episteme:muncg212img.MunCG212-page102
urn:cite:episteme:muncg212.49v,"Munich Codex Graecus 212, folio 49 verso",103,verso,urn:cite:episteme:muncg212img.MunCG212-page103
urn:cite:episteme:muncg212.50r,"Munich Codex Graecus 212, folio 50 recto",104,recto,urn:cite:episteme:muncg212img.MunCG212-page104
urn:cite:episteme:muncg212.50v,"Munich Codex Graecus 212, folio 50 verso",105,verso,urn:cite:episteme:muncg212img.MunCG212-page105
urn:cite:episteme:muncg212.51r,"Munich Codex Graecus 212, folio 51 recto",106,recto,urn:cite:episteme:muncg212img.MunCG212-page106
urn:cite:episteme:muncg212.51v,"Munich Codex Graecus 212, folio 51 verso",107,verso,urn:cite:episteme:muncg212img.MunCG212-page107
urn:cite:episteme:muncg212.52r,"Munich Codex Graecus 212, folio 52 recto",108,recto,urn:cite:episteme:muncg212img.MunCG212-page108
urn:cite:episteme:muncg212.52v,"Munich Codex Graecus 212, folio 52 verso",109,verso,urn:cite:episteme:muncg212img.MunCG212-page109
urn:cite:episteme:muncg212.53r,"Munich Codex Graecus 212, folio 53 recto",110,recto,urn:cite:episteme:muncg212img.MunCG212-page110
urn:cite:episteme:muncg212.53v,"Munich Codex Graecus 212, folio 53 verso",111,verso,urn:cite:episteme:muncg212img.MunCG212-page111
urn:cite:episteme:muncg212.54r,"Munich Codex Graecus 212, folio 54 recto",112,recto,urn:cite:episteme:muncg212img.MunCG212-page112
urn:cite:episteme:muncg212.54v,"Munich Codex Graecus 212, folio 54 verso",113,verso,urn:cite:episteme:muncg212img.MunCG212-page113
urn:cite:episteme:muncg212.55r,"Munich Codex Graecus 212, folio 55 recto",114,recto,urn:cite:episteme:muncg212img.MunCG212-page114
urn:cite:episteme:muncg212.55v,"Munich Codex Graecus 212, folio 55 verso",115,verso,urn:cite:episteme:muncg212img.MunCG212-page115
urn:cite:episteme:muncg212.56r,"Munich Codex Graecus 212, folio 56 recto",116,recto,urn:cite:episteme:muncg212img.MunCG212-page116
urn:cite:episteme:muncg212.56v,"Munich Codex Graecus 212, folio 56 verso",117,verso,urn:cite:episteme:muncg212img.MunCG212-page117
urn:cite:episteme:muncg212.57r,"Munich Codex Graecus 212, folio 57 recto",118,recto,urn:cite:episteme:muncg212img.MunCG212-page118
urn:cite:episteme:muncg212.57v,"Munich Codex Graecus 212, folio 57 verso",119,verso,urn:cite:episteme:muncg212img.MunCG212-page119
urn:cite:episteme:muncg212.58r,"Munich Codex Graecus 212, folio 58 recto",120,recto,urn:cite:episteme:muncg212img.MunCG212-page120
urn:cite:episteme:muncg212.58v,"Munich Codex Graecus 212, folio 58 verso",121,verso,urn:cite:episteme:muncg212img.MunCG212-page121
urn:cite:episteme:muncg212.59r,"Munich Codex Graecus 212, folio 59 recto",122,recto,urn:cite:episteme:muncg212img.MunCG212-page122
urn:cite:episteme:muncg212.59v,"Munich Codex Graecus 212, folio 59 verso",123,verso,urn:cite:episteme:muncg212img.MunCG212-page123
urn:cite:episteme:muncg212.60r,"Munich Codex Graecus 212, folio 60 recto",124,recto,urn:cite:episteme:muncg212img.MunCG212-page124
urn:cite:episteme:muncg212.60v,"Munich Codex Graecus 212, folio 60 verso",125,verso,urn:cite:episteme:muncg212img.MunCG212-page125
urn:cite:episteme:muncg212.61r,"Munich Codex Graecus 212, folio 61 recto",126,recto,urn:cite:episteme:muncg212img.MunCG212-page126
urn:cite:episteme:muncg212.61v,"Munich Codex Graecus 212, folio 61 verso",127,verso,urn:cite:episteme:muncg212img.MunCG212-page127
urn:cite:episteme:muncg212.62r,"Munich Codex Graecus 212, folio 62 recto",128,recto,urn:cite:episteme:muncg212img.MunCG212-page128
urn:cite:episteme:muncg212.62v,"Munich Codex Graecus 212, folio 62 verso",129,verso,urn:cite:episteme:muncg212img.MunCG212-page129
urn:cite:episteme:muncg212.63r,"Munich Codex Graecus 212, folio 63 recto",130,recto,urn:cite:episteme:muncg212img.MunCG212-page130
urn:cite:episteme:muncg212.63v,"Munich Codex Graecus 212, folio 63 verso",131,verso,urn:cite:episteme:muncg212img.MunCG212-page131
urn:cite:episteme:muncg212.64r,"Munich Codex Graecus 212, folio 64 recto",132,recto,urn:cite:episteme:muncg212img.MunCG212-page132
urn:cite:episteme:muncg212.64v,"Munich Codex Graecus 212, folio 64 verso",133,verso,urn:cite:episteme:muncg212img.MunCG212-page133
urn:cite:episteme:muncg212.65r,"Munich Codex Graecus 212, folio 65 recto",134,recto,urn:cite:episteme:muncg212img.MunCG212-page134
urn:cite:episteme:muncg212.65v,"Munich Codex Graecus 212, folio 65 verso",135,verso,urn:cite:episteme:muncg212img.MunCG212-page135
urn:cite:episteme:muncg212.66r,"Munich Codex Graecus 212, folio 66 recto",136,recto,urn:cite:episteme:muncg212img.MunCG212-page136
urn:cite:episteme:muncg212.66v,"Munich Codex Graecus 212, folio 66 verso",137,verso,urn:cite:episteme:muncg212img.MunCG212-page137
urn:cite:episteme:muncg212.67r,"Munich Codex Graecus 212, folio 67 recto",138,recto,urn:cite:episteme:muncg212img.MunCG212-page138
urn:cite:episteme:muncg212.67v,"Munich Codex Graecus 212, folio 67 verso",139,verso,urn:cite:episteme:muncg212img.MunCG212-page139
urn:cite:episteme:muncg212.68r,"Munich Codex Graecus 212, folio 68 recto",140,recto,urn:cite:episteme:muncg212img.MunCG212-page140
urn:cite:episteme:muncg212.68v,"Munich Codex Graecus 212, folio 68 verso",141,verso,urn:cite:episteme:muncg212img.MunCG212-page141
urn:cite:episteme:muncg212.69r,"Munich Codex Graecus 212, folio 69 recto",142,recto,urn:cite:episteme:muncg212img.MunCG212-page142
urn:cite:episteme:muncg212.69v,"Munich Codex Graecus 212, folio 69 verso",143,verso,urn:cite:episteme:muncg212img.MunCG212-page143
urn:cite:episteme:muncg212.70r,"Munich Codex Graecus 212, folio 70 recto",144,recto,urn:cite:episteme:muncg212img.MunCG212-page144
urn:cite:episteme:muncg212.70v,"Munich Codex Graecus 212, folio 70 verso",145,verso,urn:cite:episteme:muncg212img.MunCG212-page145
urn:cite:episteme:muncg212.71r,"Munich Codex Graecus 212, folio 71 recto",146,recto,urn:cite:episteme:muncg212img.MunCG212-page146
urn:cite:episteme:muncg212.71v,"Munich Codex Graecus 212, folio 71 verso",147,verso,urn:cite:episteme:muncg212img.MunCG212-page147
urn:cite:episteme:muncg212.72r,"Munich Codex Graecus 212, folio 72 recto",148,recto,urn:cite:episteme:muncg212img.MunCG212-page148
urn:cite:episteme:muncg212.72v,"Munich Codex Graecus 212, folio 72 verso",149,verso,urn:cite:episteme:muncg212img.MunCG212-page149
urn:cite:episteme:muncg212.73r,"Munich Codex Graecus 212, folio 73 recto",150,recto,urn:cite:episteme:muncg212img.MunCG212-page150
urn:cite:episteme:muncg212.73v,"Munich Codex Graecus 212, folio 73 verso",151,verso,urn:cite:episteme:muncg212img.MunCG212-page151
urn:cite:episteme:muncg212.74r,"Munich Codex Graecus 212, folio 74 recto",152,recto,urn:cite:episteme:muncg212img.MunCG212-page152
urn:cite:episteme:muncg212.74v,"Munich Codex Graecus 212, folio 74 verso",153,verso,urn:cite:episteme:muncg212img.MunCG212-page153
urn:cite:episteme:muncg212.75r,"Munich Codex Graecus 212, folio 75 recto",154,recto,urn:cite:episteme:muncg212img.MunCG212-page154
urn:cite:episteme:muncg212.75v,"Munich Codex Graecus 212, folio 75 verso",155,verso,urn:cite:episteme:muncg212img.MunCG212-page155
urn:cite:episteme:muncg212.76r,"Munich Codex Graecus 212, folio 76 recto",156,recto,urn:cite:episteme:muncg212img.MunCG212-page156
urn:cite:episteme:muncg212.76v,"Munich Codex Graecus 212, folio 76 verso",157,verso,urn:cite:episteme:muncg212img.MunCG212-page157
urn:cite:episteme:muncg212.77r,"Munich Codex Graecus 212, folio 77 recto",158,recto,urn:cite:episteme:muncg212img.MunCG212-page158
urn:cite:episteme:muncg212.77v,"Munich Codex Graecus 212, folio 77 verso",159,verso,urn:cite:episteme:muncg212img.MunCG212-page159
urn:cite:episteme:muncg212.78r,"Munich Codex Graecus 212, folio 78 recto",160,recto,urn:cite:episteme:muncg212img.MunCG212-page160
urn:cite:episteme:muncg212.78v,"Munich Codex Graecus 212, folio 78 verso",161,verso,urn:cite:episteme:muncg212img.MunCG212-page161
urn:cite:episteme:muncg212.79r,"Munich Codex Graecus 212, folio 79 recto",162,recto,urn:cite:episteme:muncg212img.MunCG212-page162
urn:cite:episteme:muncg212.79v,"Munich Codex Graecus 212, folio 79 verso",163,verso,urn:cite:episteme:muncg212img.MunCG212-page163
urn:cite:episteme:muncg212.80r,"Munich Codex Graecus 212, folio 80 recto",164,recto,urn:cite:episteme:muncg212img.MunCG212-page164
urn:cite:episteme:muncg212.80v,"Munich Codex Graecus 212, folio 80 verso",165,verso,urn:cite:episteme:muncg212img.MunCG212-page165
urn:cite:episteme:muncg212.81r,"Munich Codex Graecus 212, folio 81 recto",166,recto,urn:cite:episteme:muncg212img.MunCG212-page166
urn:cite:episteme:muncg212.81v,"Munich Codex Graecus 212, folio 81 verso",167,verso,urn:cite:episteme:muncg212img.MunCG212-page167
urn:cite:episteme:muncg212.82r,"Munich Codex Graecus 212, folio 82 recto",168,recto,urn:cite:episteme:muncg212img.MunCG212-page168
urn:cite:episteme:muncg212.82v,"Munich Codex Graecus 212, folio 82 verso",169,verso,urn:cite:episteme:muncg212img.MunCG212-page169
urn:cite:episteme:muncg212.83r,"Munich Codex Graecus 212, folio 83 recto",170,recto,urn:cite:episteme:muncg212img.MunCG212-page170
urn:cite:episteme:muncg212.83v,"Munich Codex Graecus 212, folio 83 verso",171,verso,urn:cite:episteme:muncg212img.MunCG212-page171
urn:cite:episteme:muncg212.84r,"Munich Codex Graecus 212, folio 84 recto",172,recto,urn:cite:episteme:muncg212img.MunCG212-page172
urn:cite:episteme:muncg212.84v,"Munich Codex Graecus 212, folio 84 verso",173,verso,urn:cite:episteme:muncg212img.MunCG212-page173
urn:cite:episteme:muncg212.85r,"Munich Codex Graecus 212, folio 85 recto",174,recto,urn:cite:episteme:muncg212img.MunCG212-page174
urn:cite:episteme:muncg212.85v,"Munich Codex Graecus 212, folio 85 verso",175,verso,urn:cite:episteme:muncg212img.MunCG212-page175
urn:cite:episteme:muncg212.86r,"Munich Codex Graecus 212, folio 86 recto",176,recto,urn:cite:episteme:muncg212img.MunCG212-page176
urn:cite:episteme:muncg212.86v,"Munich Codex Graecus 212, folio 86 verso",177,verso,urn:cite:episteme:muncg212img.MunCG212-page177
urn:cite:episteme:muncg212.87r,"Munich Codex Graecus 212, folio 87 recto",178,recto,urn:cite:episteme:muncg212img.MunCG212-page178
urn:cite:episteme:muncg212.87v,"Munich Codex Graecus 212, folio 87 verso",179,verso,urn:cite:episteme:muncg212img.MunCG212-page179
urn:cite:episteme:muncg212.88r,"Munich Codex Graecus 212, folio 88 recto",180,recto,urn:cite:episteme:muncg212img.MunCG212-page180
urn:cite:episteme:muncg212.88v,"Munich Codex Graecus 212, folio 88 verso",181,verso,urn:cite:episteme:muncg212img.MunCG212-page181
urn:cite:episteme:muncg212.89r,"Munich Codex Graecus 212, folio 89 recto",182,recto,urn:cite:episteme:muncg212img.MunCG212-page182
urn:cite:episteme:muncg212.89v,"Munich Codex Graecus 212, folio 89 verso",183,verso,urn:cite:episteme:muncg212img.MunCG212-page183
urn:cite:episteme:muncg212.90r,"Munich Codex Graecus 212, folio 90 recto",184,recto,urn:cite:episteme:muncg212img.MunCG212-page184
urn:cite:episteme:muncg212.90v,"Munich Codex Graecus 212, folio 90 verso",185,verso,urn:cite:episteme:muncg212img.MunCG212-page185
urn:cite:episteme:muncg212.91r,"Munich Codex Graecus 212, folio 91 recto",186,recto,urn:cite:episteme:muncg212img.MunCG212-page186
urn:cite:episteme:muncg212.91v,"Munich Codex Graecus 212, folio 91 verso",187,verso,urn:cite:episteme:muncg212img.MunCG212-page187
urn:cite:episteme:muncg212.92r,"Munich Codex Graecus 212, folio 92 recto",188,recto,urn:cite:episteme:muncg212img.MunCG212-page188
urn:cite:episteme:muncg212.92v,"Munich Codex Graecus 212, folio 92 verso",189,verso,urn:cite:episteme:muncg212img.MunCG212-page189
urn:cite:episteme:muncg212.93r,"Munich Codex Graecus 212, folio 93 recto",190,recto,urn:cite:episteme:muncg212img.MunCG212-page190
urn:cite:episteme:muncg212.93v,"Munich Codex Graecus 212, folio 93 verso",191,verso,urn:cite:episteme:muncg212img.MunCG212-page191
urn:cite:episteme:muncg212.94r,"Munich Codex Graecus 212, folio 94 recto",192,recto,urn:cite:episteme:muncg212img.MunCG212-page192
urn:cite:episteme:muncg212.94v,"Munich Codex Graecus 212, folio 94 verso",193,verso,urn:cite:episteme:muncg212img.MunCG212-page193
urn:cite:episteme:muncg212.95r,"Munich Codex Graecus 212, folio 95 recto",194,recto,urn:cite:episteme:muncg212img.MunCG212-page194
urn:cite:episteme:muncg212.95v,"Munich Codex Graecus 212, folio 95 verso",195,verso,urn:cite:episteme:muncg212img.MunCG212-page195
urn:cite:episteme:muncg212.96r,"Munich Codex Graecus 212, folio 96 recto",196,recto,urn:cite:episteme:muncg212img.MunCG212-page196
urn:cite:episteme:muncg212.96v,"Munich Codex Graecus 212, folio 96 verso",197,verso,urn:cite:episteme:muncg212img.MunCG212-page197
urn:cite:episteme:muncg212.97r,"Munich Codex Graecus 212, folio 97 recto",198,recto,urn:cite:episteme:muncg212img.MunCG212-page198
urn:cite:episteme:muncg212.97v,"Munich Codex Graecus 212, folio 97 verso",199,verso,urn:cite:episteme:muncg212img.MunCG212-page199
urn:cite:episteme:muncg212.98r,"Munich Codex Graecus 212, folio 98 recto",200,recto,urn:cite:episteme:muncg212img.MunCG212-page200
urn:cite:episteme:muncg212.98v,"Munich Codex Graecus 212, folio 98 verso",201,verso,urn:cite:episteme:muncg212img.MunCG212-page201
urn:cite:episteme:muncg212.99r,"Munich Codex Graecus 212, folio 99 recto",202,recto,urn:cite:episteme:muncg212img.MunCG212-page202
urn:cite:episteme:muncg212.99v,"Munich Codex Graecus 212, folio 99 verso",203,verso,urn:cite:episteme:muncg212img.MunCG212-page203
urn:cite:episteme:muncg212.100r,"Munich Codex Graecus 212, folio 100 recto",204,recto,urn:cite:episteme:muncg212img.MunCG212-page204
urn:cite:episteme:muncg212.100v,"Munich Codex Graecus 212, folio 100 verso",205,verso,urn:cite:episteme:muncg212img.MunCG212-page205
urn:cite:episteme:muncg212.101r,"Munich Codex Graecus 212, folio 101 recto",206,recto,urn:cite:episteme:muncg212img.MunCG212-page206
urn:cite:episteme:muncg212.101v,"Munich Codex Graecus 212, folio 101 verso",207,verso,urn:cite:episteme:muncg212img.MunCG212-page207
urn:cite:episteme:muncg212.102r,"Munich Codex Graecus 212, folio 102 recto",208,recto,urn:cite:episteme:muncg212img.MunCG212-page208
urn:cite:episteme:muncg212.102v,"Munich Codex Graecus 212, folio 102 verso",209,verso,urn:cite:episteme:muncg212img.MunCG212-page209
urn:cite:episteme:muncg212.103r,"Munich Codex Graecus 212, folio 103 recto",210,recto,urn:cite:episteme:muncg212img.MunCG212-page210
urn:cite:episteme:muncg212.103v,"Munich Codex Graecus 212, folio 103 verso",211,verso,urn:cite:episteme:muncg212img.MunCG212-page211
urn:cite:episteme:muncg212.104r,"Munich Codex Graecus 212, folio 104 recto",212,recto,urn:cite:episteme:muncg212img.MunCG212-page212
urn:cite:episteme:muncg212.104v,"Munich Codex Graecus 212, folio 104 verso",213,verso,urn:cite:episteme:muncg212img.MunCG212-page213
urn:cite:episteme:muncg212.105r,"Munich Codex Graecus 212, folio 105 recto",214,recto,urn:cite:episteme:muncg212img.MunCG212-page214
urn:cite:episteme:muncg212.105v,"Munich Codex Graecus 212, folio 105 verso",215,verso,urn:cite:episteme:muncg212img.MunCG212-page215
urn:cite:episteme:muncg212.106r,"Munich Codex Graecus 212, folio 106 recto",216,recto,urn:cite:episteme:muncg212img.MunCG212-page216
urn:cite:episteme:muncg212.106v,"Munich Codex Graecus 212, folio 106 verso",217,verso,urn:cite:episteme:muncg212img.MunCG212-page217
urn:cite:episteme:muncg212.107r,"Munich Codex Graecus 212, folio 107 recto",218,recto,urn:cite:episteme:muncg212img.MunCG212-page218
urn:cite:episteme:muncg212.107v,"Munich Codex Graecus 212, folio 107 verso",219,verso,urn:cite:episteme:muncg212img.MunCG212-page219
urn:cite:episteme:muncg212.108r,"Munich Codex Graecus 212, folio 108 recto",220,recto,urn:cite:episteme:muncg212img.MunCG212-page220
urn:cite:episteme:muncg212.108v,"Munich Codex Graecus 212, folio 108 verso",221,verso,urn:cite:episteme:muncg212img.MunCG212-page221
urn:cite:episteme:muncg212.109r,"Munich Codex Graecus 212, folio 109 recto",222,recto,urn:cite:episteme:muncg212img.MunCG212-page222
urn:cite:episteme:muncg212.109v,"Munich Codex Graecus 212, folio 109 verso",223,verso,urn:cite:episteme:muncg212img.MunCG212-page223
urn:cite:episteme:muncg212.110r,"Munich Codex Graecus 212, folio 110 recto",224,recto,urn:cite:episteme:muncg212img.MunCG212-page224
urn:cite:episteme:muncg212.110v,"Munich Codex Graecus 212, folio 110 verso",225,verso,urn:cite:episteme:muncg212img.MunCG212-page225
urn:cite:episteme:muncg212.111r,"Munich Codex Graecus 212, folio 111 recto",226,recto,urn:cite:episteme:muncg212img.MunCG212-page226
urn:cite:episteme:muncg212.111v,"Munich Codex Graecus 212, folio 111 verso",227,verso,urn:cite:episteme:muncg212img.MunCG212-page227
urn:cite:episteme:muncg212.112r,"Munich Codex Graecus 212, folio 112 recto",228,recto,urn:cite:episteme:muncg212img.MunCG212-page228
urn:cite:episteme:muncg212.112v,"Munich Codex Graecus 212, folio 112 verso",229,verso,urn:cite:episteme:muncg212img.MunCG212-page229
urn:cite:episteme:muncg212.113r,"Munich Codex Graecus 212, folio 113 recto",230,recto,urn:cite:episteme:muncg212img.MunCG212-page230
urn:cite:episteme:muncg212.113v,"Munich Codex Graecus 212, folio 113 verso",231,verso,urn:cite:episteme:muncg212img.MunCG212-page231
urn:cite:episteme:muncg212.114r,"Munich Codex Graecus 212, folio 114 recto",232,recto,urn:cite:episteme:muncg212img.MunCG212-page232
urn:cite:episteme:muncg212.114v,"Munich Codex Graecus 212, folio 114 verso",233,verso,urn:cite:episteme:muncg212img.MunCG212-page233
urn:cite:episteme:muncg212.115r,"Munich Codex Graecus 212, folio 115 recto",234,recto,urn:cite:episteme:muncg212img.MunCG212-page234
urn:cite:episteme:muncg212.115v,"Munich Codex Graecus 212, folio 115 verso",235,verso,urn:cite:episteme:muncg212img.MunCG212-page235
urn:cite:episteme:muncg212.116r,"Munich Codex Graecus 212, folio 116 recto",236,recto,urn:cite:episteme:muncg212img.MunCG212-page236
urn:cite:episteme:muncg212.116v,"Munich Codex Graecus 212, folio 116 verso",237,verso,urn:cite:episteme:muncg212img.MunCG212-page237
urn:cite:episteme:muncg212.117r,"Munich Codex Graecus 212, folio 117 recto",238,recto,urn:cite:episteme:muncg212img.MunCG212-page238
urn:cite:episteme:muncg212.117v,"Munich Codex Graecus 212, folio 117 verso",239,verso,urn:cite:episteme:muncg212img.MunCG212-page239
urn:cite:episteme:muncg212.118r,"Munich Codex Graecus 212, folio 118 recto",240,recto,urn:cite:episteme:muncg212img.MunCG212-page240
urn:cite:episteme:muncg212.118v,"Munich Codex Graecus 212, folio 118 verso",241,verso,urn:cite:episteme:muncg212img.MunCG212-page241
urn:cite:episteme:muncg212.119r,"Munich Codex Graecus 212, folio 119 recto",242,recto,urn:cite:episteme:muncg212img.MunCG212-page242
urn:cite:episteme:muncg212.119v,"Munich Codex Graecus 212, folio 119 verso",243,verso,urn:cite:episteme:muncg212img.MunCG212-page243
urn:cite:episteme:muncg212.120r,"Munich Codex Graecus 212, folio 120 recto",244,recto,urn:cite:episteme:muncg212img.MunCG212-page244
urn:cite:episteme:muncg212.120v,"Munich Codex Graecus 212, folio 120 verso",245,verso,urn:cite:episteme:muncg212img.MunCG212-page245
urn:cite:episteme:muncg212.121r,"Munich Codex Graecus 212, folio 121 recto",246,recto,urn:cite:episteme:muncg212img.MunCG212-page246
urn:cite:episteme:muncg212.121v,"Munich Codex Graecus 212, folio 121 verso",247,verso,urn:cite:episteme:muncg212img.MunCG212-page247
urn:cite:episteme:muncg212.122r,"Munich Codex Graecus 212, folio 122 recto",248,recto,urn:cite:episteme:muncg212img.MunCG212-page248
urn:cite:episteme:muncg212.122v,"Munich Codex Graecus 212, folio 122 verso",249,verso,urn:cite:episteme:muncg212img.MunCG212-page249
urn:cite:episteme:muncg212.123r,"Munich Codex Graecus 212, folio 123 recto",250,recto,urn:cite:episteme:muncg212img.MunCG212-page250
urn:cite:episteme:muncg212.123v,"Munich Codex Graecus 212, folio 123 verso",251,verso,urn:cite:episteme:muncg212img.MunCG212-page251
urn:cite:episteme:muncg212.124r,"Munich Codex Graecus 212, folio 124 recto",252,recto,urn:cite:episteme:muncg212img.MunCG212-page252
urn:cite:episteme:muncg212.124v,"Munich Codex Graecus 212, folio 124 verso",253,verso,urn:cite:episteme:muncg212img.MunCG212-page253
urn:cite:episteme:muncg212.125r,"Munich Codex Graecus 212, folio 125 recto",254,recto,urn:cite:episteme:muncg212img.MunCG212-page254
urn:cite:episteme:muncg212.125v,"Munich Codex Graecus 212, folio 125 verso",255,verso,urn:cite:episteme:muncg212img.MunCG212-page255
urn:cite:episteme:muncg212.126r,"Munich Codex Graecus 212, folio 126 recto",256,recto,urn:cite:episteme:muncg212img.MunCG212-page256
urn:cite:episteme:muncg212.126v,"Munich Codex Graecus 212, folio 126 verso",257,verso,urn:cite:episteme:muncg212img.MunCG212-page257
urn:cite:episteme:muncg212.127r,"Munich Codex Graecus 212, folio 127 recto",258,recto,urn:cite:episteme:muncg212img.MunCG212-page258
urn:cite:episteme:muncg212.127v,"Munich Codex Graecus 212, folio 127 verso",259,verso,urn:cite:episteme:muncg212img.MunCG212-page259
urn:cite:episteme:muncg212.128r,"Munich Codex Graecus 212, folio 128 recto",260,recto,urn:cite:episteme:muncg212img.MunCG212-page260
urn:cite:episteme:muncg212.128v,"Munich Codex Graecus 212, folio 128 verso",261,verso,urn:cite:episteme:muncg212img.MunCG212-page261
urn:cite:episteme:muncg212.129r,"Munich Codex Graecus 212, folio 129 recto",262,recto,urn:cite:episteme:muncg212img.MunCG212-page262
urn:cite:episteme:muncg212.129v,"Munich Codex Graecus 212, folio 129 verso",263,verso,urn:cite:episteme:muncg212img.MunCG212-page263
urn:cite:episteme:muncg212.130r,"Munich Codex Graecus 212, folio 130 recto",264,recto,urn:cite:episteme:muncg212img.MunCG212-page264
urn:cite:episteme:muncg212.130v,"Munich Codex Graecus 212, folio 130 verso",265,verso,urn:cite:episteme:muncg212img.MunCG212-page265
urn:cite:episteme:muncg212.131r,"Munich Codex Graecus 212, folio 131 recto",266,recto,urn:cite:episteme:muncg212img.MunCG212-page266
urn:cite:episteme:muncg212.131v,"Munich Codex Graecus 212, folio 131 verso",267,verso,urn:cite:episteme:muncg212img.MunCG212-page267
urn:cite:episteme:muncg212.132r,"Munich Codex Graecus 212, folio 132 recto",268,recto,urn:cite:episteme:muncg212img.MunCG212-page268
urn:cite:episteme:muncg212.132v,"Munich Codex Graecus 212, folio 132 verso",269,verso,urn:cite:episteme:muncg212img.MunCG212-page269
urn:cite:episteme:muncg212.133r,"Munich Codex Graecus 212, folio 133 recto",270,recto,urn:cite:episteme:muncg212img.MunCG212-page270
urn:cite:episteme:muncg212.133v,"Munich Codex Graecus 212, folio 133 verso",271,verso,urn:cite:episteme:muncg212img.MunCG212-page271
urn:cite:episteme:muncg212.134r,"Munich Codex Graecus 212, folio 134 recto",272,recto,urn:cite:episteme:muncg212img.MunCG212-page272
urn:cite:episteme:muncg212.134v,"Munich Codex Graecus 212, folio 134 verso",273,verso,urn:cite:episteme:muncg212img.MunCG212-page273
urn:cite:episteme:muncg212.135r,"Munich Codex Graecus 212, folio 135 recto",274,recto,urn:cite:episteme:muncg212img.MunCG212-page274
urn:cite:episteme:muncg212.135v,"Munich Codex Graecus 212, folio 135 verso",275,verso,urn:cite:episteme:muncg212img.MunCG212-page275
urn:cite:episteme:muncg212.136r,"Munich Codex Graecus 212, folio 136 recto",276,recto,urn:cite:episteme:muncg212img.MunCG212-page276
urn:cite:episteme:muncg212.136v,"Munich Codex Graecus 212, folio 136 verso",277,verso,urn:cite:episteme:muncg212img.MunCG212-page277
urn:cite:episteme:muncg212.137r,"Munich Codex Graecus 212, folio 137 recto",278,recto,urn:cite:episteme:muncg212img.MunCG212-page278
urn:cite:episteme:muncg212.137v,"Munich Codex Graecus 212, folio 137 verso",279,verso,urn:cite:episteme:muncg212img.MunCG212-page279
urn:cite:episteme:muncg212.138r,"Munich Codex Graecus 212, folio 138 recto",280,recto,urn:cite:episteme:muncg212img.MunCG212-page280
urn:cite:episteme:muncg212.138v,"Munich Codex Graecus 212, folio 138 verso",281,verso,urn:cite:episteme:muncg212img.MunCG212-page281
urn:cite:episteme:muncg212.139r,"Munich Codex Graecus 212, folio 139 recto",282,recto,urn:cite:episteme:muncg212img.MunCG212-page282
urn:cite:episteme:muncg212.139v,"Munich Codex Graecus 212, folio 139 verso",283,verso,urn:cite:episteme:muncg212img.MunCG212-page283
urn:cite:episteme:muncg212.140r,"Munich Codex Graecus 212, folio 140 recto",284,recto,urn:cite:episteme:muncg212img.MunCG212-page284
urn:cite:episteme:muncg212.140v,"Munich Codex Graecus 212, folio 140 verso",285,verso,urn:cite:episteme:muncg212img.MunCG212-page285
urn:cite:episteme:muncg212.141r,"Munich Codex Graecus 212, folio 141 recto",286,recto,urn:cite:episteme:muncg212img.MunCG212-page286
urn:cite:episteme:muncg212.141v,"Munich Codex Graecus 212, folio 141 verso",287,verso,urn:cite:episteme:muncg212img.MunCG212-page287
urn:cite:episteme:muncg212.142r,"Munich Codex Graecus 212, folio 142 recto",288,recto,urn:cite:episteme:muncg212img.MunCG212-page288
urn:cite:episteme:muncg212.142v,"Munich Codex Graecus 212, folio 142 verso",289,verso,urn:cite:episteme:muncg212img.MunCG212-page289
urn:cite:episteme:muncg212.143r,"Munich Codex Graecus 212, folio 143 recto",290,recto,urn:cite:episteme:muncg212img.MunCG212-page290
urn:cite:episteme:muncg212.143v,"Munich Codex Graecus 212, folio 143 verso",291,verso,urn:cite:episteme:muncg212img.MunCG212-page291
urn:cite:episteme:muncg212.144r,"Munich Codex Graecus 212, folio 144 recto",292,recto,urn:cite:episteme:muncg212img.MunCG212-page292
urn:cite:episteme:muncg212.144v,"Munich Codex Graecus 212, folio 144 verso",293,verso,urn:cite:episteme:muncg212img.MunCG212-page293
urn:cite:episteme:muncg212.145r,"Munich Codex Graecus 212, folio 145 recto",294,recto,urn:cite:episteme:muncg212img.MunCG212-page294
urn:cite:episteme:muncg212.145v,"Munich Codex Graecus 212, folio 145 verso",295,verso,urn:cite:episteme:muncg212img.MunCG212-page295
urn:cite:episteme:muncg212.146r,"Munich Codex Graecus 212, folio 146 recto",296,recto,urn:cite:episteme:muncg212img.MunCG212-page296
urn:cite:episteme:muncg212.146v,"Munich Codex Graecus 212, folio 146 verso",297,verso,urn:cite:episteme:muncg212img.MunCG212-page297
urn:cite:episteme:muncg212.147r,"Munich Codex Graecus 212, folio 147 recto",298,recto,urn:cite:episteme:muncg212img.MunCG212-page298
urn:cite:episteme:muncg212.147v,"Munich Codex Graecus 212, folio 147 verso",299,verso,urn:cite:episteme:muncg212img.MunCG212-page299
urn:cite:episteme:muncg212.148r,"Munich Codex Graecus 212, folio 148 recto",300,recto,urn:cite:episteme:muncg212img.MunCG212-page300
urn:cite:episteme:muncg212.148v,"Munich Codex Graecus 212, folio 148 verso",301,verso,urn:cite:episteme:muncg212img.MunCG212-page301
urn:cite:episteme:muncg212.149r,"Munich Codex Graecus 212, folio 149 recto",302,recto,urn:cite:episteme:muncg212img.MunCG212-page302
urn:cite:episteme:muncg212.149v,"Munich Codex Graecus 212, folio 149 verso",303,verso,urn:cite:episteme:muncg212img.MunCG212-page303
urn:cite:episteme:muncg212.150r,"Munich Codex Graecus 212, folio 150 recto",304,recto,urn:cite:episteme:muncg212img.MunCG212-page304
urn:cite:episteme:muncg212.150v,"Munich Codex Graecus 212, folio 150 verso",305,verso,urn:cite:episteme:muncg212img.MunCG212-page305
urn:cite:episteme:muncg212.151r,"Munich Codex Graecus 212, folio 151 recto",306,recto,urn:cite:episteme:muncg212img.MunCG212-page306
urn:cite:episteme:muncg212.151v,"Munich Codex Graecus 212, folio 151 verso",307,verso,urn:cite:episteme:muncg212img.MunCG212-page307
urn:cite:episteme:muncg212.152r,"Munich Codex Graecus 212, folio 152 recto",308,recto,urn:cite:episteme:muncg212img.MunCG212-page308
urn:cite:episteme:muncg212.152v,"Munich Codex Graecus 212, folio 152 verso",309,verso,urn:cite:episteme:muncg212img.MunCG212-page309
urn:cite:episteme:muncg212.153r,"Munich Codex Graecus 212, folio 153 recto",310,recto,urn:cite:episteme:muncg212img.MunCG212-page310
urn:cite:episteme:muncg212.153v,"Munich Codex Graecus 212, folio 153 verso",311,verso,urn:cite:episteme:muncg212img.MunCG212-page311
urn:cite:episteme:muncg212.154r,"Munich Codex Graecus 212, folio 154 recto",312,recto,urn:cite:episteme:muncg212img.MunCG212-page312
urn:cite:episteme:muncg212.154v,"Munich Codex Graecus 212, folio 154 verso",313,verso,urn:cite:episteme:muncg212img.MunCG212-page313
urn:cite:episteme:muncg212.155r,"Munich Codex Graecus 212, folio 155 recto",314,recto,urn:cite:episteme:muncg212img.MunCG212-page314
urn:cite:episteme:muncg212.155v,"Munich Codex Graecus 212, folio 155 verso",315,verso,urn:cite:episteme:muncg212img.MunCG212-page315
urn:cite:episteme:muncg212.156r,"Munich Codex Graecus 212, folio 156 recto",316,recto,urn:cite:episteme:muncg212img.MunCG212-page316
urn:cite:episteme:muncg212.156v,"Munich Codex Graecus 212, folio 156 verso",317,verso,urn:cite:episteme:muncg212img.MunCG212-page317
urn:cite:episteme:muncg212.157r,"Munich Codex Graecus 212, folio 157 recto",318,recto,urn:cite:episteme:muncg212img.MunCG212-page318
urn:cite:episteme:muncg212.157v,"Munich Codex Graecus 212, folio 157 verso",319,verso,urn:cite:episteme:muncg212img.MunCG212-page319
urn:cite:episteme:muncg212.158r,"Munich Codex Graecus 212, folio 158 recto",320,recto,urn:cite:episteme:muncg212img.MunCG212-page320
urn:cite:episteme:muncg212.158v,"Munich Codex Graecus 212, folio 158 verso",321,verso,urn:cite:episteme:muncg212img.MunCG212-page321
urn:cite:episteme:muncg212.159r,"Munich Codex Graecus 212, folio 159 recto",322,recto,urn:cite:episteme:muncg212img.MunCG212-page322
urn:cite:episteme:muncg212.159v,"Munich Codex Graecus 212, folio 159 verso",323,verso,urn:cite:episteme:muncg212img.MunCG212-page323
urn:cite:episteme:muncg212.160r,"Munich Codex Graecus 212, folio 160 recto",324,recto,urn:cite:episteme:muncg212img.MunCG212-page324
urn:cite:episteme:muncg212.160v,"Munich Codex Graecus 212, folio 160 verso",325,verso,urn:cite:episteme:muncg212img.MunCG212-page325
urn:cite:episteme:muncg212.161r,"Munich Codex Graecus 212, folio 161 recto",326,recto,urn:cite:episteme:muncg212img.MunCG212-page326
urn:cite:episteme:muncg212.161v,"Munich Codex Graecus 212, folio 161 verso",327,verso,urn:cite:episteme:muncg212img.MunCG212-page327
urn:cite:episteme:muncg212.162r,"Munich Codex Graecus 212, folio 162 recto",328,recto,urn:cite:episteme:muncg212img.MunCG212-page328
urn:cite:episteme:muncg212.162v,"Munich Codex Graecus 212, folio 162 verso",329,verso,urn:cite:episteme:muncg212img.MunCG212-page329
urn:cite:episteme:muncg212.163r,"Munich Codex Graecus 212, folio 163 recto",330,recto,urn:cite:episteme:muncg212img.MunCG212-page330
urn:cite:episteme:muncg212.163v,"Munich Codex Graecus 212, folio 163 verso",331,verso,urn:cite:episteme:muncg212img.MunCG212-page331
urn:cite:episteme:muncg212.164r,"Munich Codex Graecus 212, folio 164 recto",332,recto,urn:cite:episteme:muncg212img.MunCG212-page332
urn:cite:episteme:muncg212.164v,"Munich Codex Graecus 212, folio 164 verso",333,verso,urn:cite:episteme:muncg212img.MunCG212-page333
urn:cite:episteme:muncg212.165r,"Munich Codex Graecus 212, folio 165 recto",334,recto,urn:cite:episteme:muncg212img.MunCG212-page334
urn:cite:episteme:muncg212.165v,"Munich Codex Graecus 212, folio 165 verso",335,verso,urn:cite:episteme:muncg212img.MunCG212-page335
urn:cite:episteme:muncg212.166r,"Munich Codex Graecus 212, folio 166 recto",336,recto,urn:cite:episteme:muncg212img.MunCG212-page336
urn:cite:episteme:muncg212.166v,"Munich Codex Graecus 212, folio 166 verso",337,verso,urn:cite:episteme:muncg212img.MunCG212-page337
urn:cite:episteme:muncg212.167r,"Munich Codex Graecus 212, folio 167 recto",338,recto,urn:cite:episteme:muncg212img.MunCG212-page338
urn:cite:episteme:muncg212.167v,"Munich Codex Graecus 212, folio 167 verso",339,verso,urn:cite:episteme:muncg212img.MunCG212-page339
urn:cite:episteme:muncg212.168r,"Munich Codex Graecus 212, folio 168 recto",340,recto,urn:cite:episteme:muncg212img.MunCG212-page340
urn:cite:episteme:muncg212.168v,"Munich Codex Graecus 212, folio 168 verso",341,verso,urn:cite:episteme:muncg212img.MunCG212-page341
urn:cite:episteme:muncg212.169r,"Munich Codex Graecus 212, folio 169 recto",342,recto,urn:cite:episteme:muncg212img.MunCG212-page342
urn:cite:episteme:muncg212.169v,"Munich Codex Graecus 212, folio 169 verso",343,verso,urn:cite:episteme:muncg212img.MunCG212-page343
urn:cite:episteme:muncg212.170r,"Munich Codex Graecus 212, folio 170 recto",344,recto,urn:cite:episteme:muncg212img.MunCG212-page344
urn:cite:episteme:muncg212.170v,"Munich Codex Graecus 212, folio 170 verso",345,verso,urn:cite:episteme:muncg212img.MunCG212-page345
urn:cite:episteme:muncg212.171r,"Munich Codex Graecus 212, folio 171 recto",346,recto,urn:cite:episteme:muncg212img.MunCG212-page346
urn:cite:episteme:muncg212.171v,"Munich Codex Graecus 212, folio 171 verso",347,verso,urn:cite:episteme:muncg212img.MunCG212-page347
urn:cite:episteme:muncg212.172r,"Munich Codex Graecus 212, folio 172 recto",348,recto,urn:cite:episteme:muncg212img.MunCG212-page348
urn:cite:episteme:muncg212.172v,"Munich Codex Graecus 212, folio 172 verso",349,verso,urn:cite:episteme:muncg212img.MunCG212-page349
urn:cite:episteme:muncg212.173r,"Munich Codex Graecus 212, folio 173 recto",350,recto,urn:cite:episteme:muncg212img.MunCG212-page350
urn:cite:episteme:muncg212.173v,"Munich Codex Graecus 212, folio 173 verso",351,verso,urn:cite:episteme:muncg212img.MunCG212-page351
urn:cite:episteme:muncg212.174r,"Munich Codex Graecus 212, folio 174 recto",352,recto,urn:cite:episteme:muncg212img.MunCG212-page352
urn:cite:episteme:muncg212.174v,"Munich Codex Graecus 212, folio 174 verso",353,verso,urn:cite:episteme:muncg212img.MunCG212-page353
urn:cite:episteme:muncg212.175r,"Munich Codex Graecus 212, folio 175 recto",354,recto,urn:cite:episteme:muncg212img.MunCG212-page354
urn:cite:episteme:muncg212.175v,"Munich Codex Graecus 212, folio 175 verso",355,verso,urn:cite:episteme:muncg212img.MunCG212-page355
urn:cite:episteme:muncg212.176r,"Munich Codex Graecus 212, folio 176 recto",356,recto,urn:cite:episteme:muncg212img.MunCG212-page356
urn:cite:episteme:muncg212.176v,"Munich Codex Graecus 212, folio 176 verso",357,verso,urn:cite:episteme:muncg212img.MunCG212-page357
urn:cite:episteme:muncg212.177r,"Munich Codex Graecus 212, folio 177 recto",358,recto,urn:cite:episteme:muncg212img.MunCG212-page358
urn:cite:episteme:muncg212.177v,"Munich Codex Graecus 212, folio 177 verso",359,verso,urn:cite:episteme:muncg212img.MunCG212-page359
urn:cite:episteme:muncg212.178r,"Munich Codex Graecus 212, folio 178 recto",360,recto,urn:cite:episteme:muncg212img.MunCG212-page360
urn:cite:episteme:muncg212.178v,"Munich Codex Graecus 212, folio 178 verso",361,verso,urn:cite:episteme:muncg212img.MunCG212-page361
urn:cite:episteme:muncg212.179r,"Munich Codex Graecus 212, folio 179 recto",362,recto,urn:cite:episteme:muncg212img.MunCG212-page362
urn:cite:episteme:muncg212.179v,"Munich Codex Graecus 212, folio 179 verso",363,verso,urn:cite:episteme:muncg212img.MunCG212-page363
urn:cite:episteme:muncg212.180r,"Munich Codex Graecus 212, folio 180 recto",364,recto,urn:cite:episteme:muncg212img.MunCG212-page364
urn:cite:episteme:muncg212.180v,"Munich Codex Graecus 212, folio 180 verso",365,verso,urn:cite:episteme:muncg212img.MunCG212-page365
urn:cite:episteme:muncg212.181r,"Munich Codex Graecus 212, folio 181 recto",366,recto,urn:cite:episteme:muncg212img.MunCG212-page366
urn:cite:episteme:muncg212.181v,"Munich Codex Graecus 212, folio 181 verso",367,verso,urn:cite:episteme:muncg212img.MunCG212-page367
urn:cite:episteme:muncg212.182r,"Munich Codex Graecus 212, folio 182 recto",368,recto,urn:cite:episteme:muncg212img.MunCG212-page368
urn:cite:episteme:muncg212.182v,"Munich Codex Graecus 212, folio 182 verso",369,verso,urn:cite:episteme:muncg212img.MunCG212-page369
urn:cite:episteme:muncg212.183r,"Munich Codex Graecus 212, folio 183 recto",370,recto,urn:cite:episteme:muncg212img.MunCG212-page370
urn:cite:episteme:muncg212.183v,"Munich Codex Graecus 212, folio 183 verso",371,verso,urn:cite:episteme:muncg212img.MunCG212-page371
urn:cite:episteme:muncg212.184r,"Munich Codex Graecus 212, folio 184 recto",372,recto,urn:cite:episteme:muncg212img.MunCG212-page372
urn:cite:episteme:muncg212.184v,"Munich Codex Graecus 212, folio 184 verso",373,verso,urn:cite:episteme:muncg212img.MunCG212-page373
urn:cite:episteme:muncg212.185r,"Munich Codex Graecus 212, folio 185 recto",374,recto,urn:cite:episteme:muncg212img.MunCG212-page374
urn:cite:episteme:muncg212.185v,"Munich Codex Graecus 212, folio 185 verso",375,verso,urn:cite:episteme:muncg212img.MunCG212-page375
urn:cite:episteme:muncg212.186r,"Munich Codex Graecus 212, folio 186 recto",376,recto,urn:cite:episteme:muncg212img.MunCG212-page376
urn:cite:episteme:muncg212.186v,"Munich Codex Graecus 212, folio 186 verso",377,verso,urn:cite:episteme:muncg212img.MunCG212-page377
urn:cite:episteme:muncg212.187r,"Munich Codex Graecus 212, folio 187 recto",378,recto,urn:cite:episteme:muncg212img.MunCG212-page378
urn:cite:episteme:muncg212.187v,"Munich Codex Graecus 212, folio 187 verso",379,verso,urn:cite:episteme:muncg212img.MunCG212-page379
urn:cite:episteme:muncg212.188r,"Munich Codex Graecus 212, folio 188 recto",380,recto,urn:cite:episteme:muncg212img.MunCG212-page380
urn:cite:episteme:muncg212.188v,"Munich Codex Graecus 212, folio 188 verso",381,verso,urn:cite:episteme:muncg212img.MunCG212-page381
urn:cite:episteme:muncg212.189r,"Munich Codex Graecus 212, folio 189 recto",382,recto,urn:cite:episteme:muncg212img.MunCG212-page382
urn:cite:episteme:muncg212.189v,"Munich Codex Graecus 212, folio 189 verso",383,verso,urn:cite:episteme:muncg212img.MunCG212-page383
urn:cite:episteme:muncg212.190r,"Munich Codex Graecus 212, folio 190 recto",384,recto,urn:cite:episteme:muncg212img.MunCG212-page384
urn:cite:episteme:muncg212.190v,"Munich Codex Graecus 212, folio 190 verso",385,verso,urn:cite:episteme:muncg212img.MunCG212-page385
urn:cite:episteme:muncg212.191r,"Munich Codex Graecus 212, folio 191 recto",386,recto,urn:cite:episteme:muncg212img.MunCG212-page386
urn:cite:episteme:muncg212.191v,"Munich Codex Graecus 212, folio 191 verso",387,verso,urn:cite:episteme:muncg212img.MunCG212-page387
urn:cite:episteme:muncg212.192r,"Munich Codex Graecus 212, folio 192 recto",388,recto,urn:cite:episteme:muncg212img.MunCG212-page388
urn:cite:episteme:muncg212.192v,"Munich Codex Graecus 212, folio 192 verso",389,verso,urn:cite:episteme:muncg212img.MunCG212-page389
urn:cite:episteme:muncg212.193r,"Munich Codex Graecus 212, folio 193 recto",390,recto,urn:cite:episteme:muncg212img.MunCG212-page390
urn:cite:episteme:muncg212.193v,"Munich Codex Graecus 212, folio 193 verso",391,verso,urn:cite:episteme:muncg212img.MunCG212-page391
urn:cite:episteme:muncg212.194r,"Munich Codex Graecus 212, folio 194 recto",392,recto,urn:cite:episteme:muncg212img.MunCG212-page392
urn:cite:episteme:muncg212.194v,"Munich Codex Graecus 212, folio 194 verso",393,verso,urn:cite:episteme:muncg212img.MunCG212-page393
urn:cite:episteme:muncg212.195r,"Munich Codex Graecus 212, folio 195 recto",394,recto,urn:cite:episteme:muncg212img.MunCG212-page394
urn:cite:episteme:muncg212.195v,"Munich Codex Graecus 212, folio 195 verso",395,verso,urn:cite:episteme:muncg212img.MunCG212-page395
urn:cite:episteme:muncg212.196r,"Munich Codex Graecus 212, folio 196 recto",396,recto,urn:cite:episteme:muncg212img.MunCG212-page396
urn:cite:episteme:muncg212.196v,"Munich Codex Graecus 212, folio 196 verso",397,verso,urn:cite:episteme:muncg212img.MunCG212-page397
urn:cite:episteme:muncg212.197r,"Munich Codex Graecus 212, folio 197 recto",398,recto,urn:cite:episteme:muncg212img.MunCG212-page398
urn:cite:episteme:muncg212.197v,"Munich Codex Graecus 212, folio 197 verso",399,verso,urn:cite:episteme:muncg212img.MunCG212-page399
urn:cite:episteme:muncg212.198r,"Munich Codex Graecus 212, folio 198 recto",400,recto,urn:cite:episteme:muncg212img.MunCG212-page400
urn:cite:episteme:muncg212.198v,"Munich Codex Graecus 212, folio 198 verso",401,verso,urn:cite:episteme:muncg212img.MunCG212-page401
urn:cite:episteme:muncg212.199r,"Munich Codex Graecus 212, folio 199 recto",402,recto,urn:cite:episteme:muncg212img.MunCG212-page402
urn:cite:episteme:muncg212.199v,"Munich Codex Graecus 212, folio 199 verso",403,verso,urn:cite:episteme:muncg212img.MunCG212-page403
urn:cite:episteme:muncg212.200r,"Munich Codex Graecus 212, folio 200 recto",404,recto,urn:cite:episteme:muncg212img.MunCG212-page404
urn:cite:episteme:muncg212.200v,"Munich Codex Graecus 212, folio 200 verso",405,verso,urn:cite:episteme:muncg212img.MunCG212-page405
urn:cite:episteme:muncg212.201r,"Munich Codex Graecus 212, folio 201 recto",406,recto,urn:cite:episteme:muncg212img.MunCG212-page406
urn:cite:episteme:muncg212.201v,"Munich Codex Graecus 212, folio 201 verso",407,verso,urn:cite:episteme:muncg212img.MunCG212-page407
urn:cite:episteme:muncg212.202r,"Munich Codex Graecus 212, folio 202 recto",408,recto,urn:cite:episteme:muncg212img.MunCG212-page408
urn:cite:episteme:muncg212.202v,"Munich Codex Graecus 212, folio 202 verso",409,verso,urn:cite:episteme:muncg212img.MunCG212-page409
urn:cite:episteme:muncg212.203r,"Munich Codex Graecus 212, folio 203 recto",410,recto,urn:cite:episteme:muncg212img.MunCG212-page410
urn:cite:episteme:muncg212.203v,"Munich Codex Graecus 212, folio 203 verso",411,verso,urn:cite:episteme:muncg212img.MunCG212-page411
urn:cite:episteme:muncg212.204r,"Munich Codex Graecus 212, folio 204 recto",412,recto,urn:cite:episteme:muncg212img.MunCG212-page412
urn:cite:episteme:muncg212.204v,"Munich Codex Graecus 212, folio 204 verso",413,verso,urn:cite:episteme:muncg212img.MunCG212-page413
urn:cite:episteme:muncg212.205r,"Munich Codex Graecus 212, folio 205 recto",414,recto,urn:cite:episteme:muncg212img.MunCG212-page414
urn:cite:episteme:muncg212.205v,"Munich Codex Graecus 212, folio 205 verso",415,verso,urn:cite:episteme:muncg212img.MunCG212-page415
urn:cite:episteme:muncg212.206r,"Munich Codex Graecus 212, folio 206 recto",416,recto,urn:cite:episteme:muncg212img.MunCG212-page416
urn:cite:episteme:muncg212.206v,"Munich Codex Graecus 212, folio 206 verso",417,verso,urn:cite:episteme:muncg212img.MunCG212-page417
urn:cite:episteme:muncg212.207r,"Munich Codex Graecus 212, folio 207 recto",418,recto,urn:cite:episteme:muncg212img.MunCG212-page418
urn:cite:episteme:muncg212.207v,"Munich Codex Graecus 212, folio 207 verso",419,verso,urn:cite:episteme:muncg212img.MunCG212-page419
urn:cite:episteme:muncg212.208r,"Munich Codex Graecus 212, folio 208 recto",420,recto,urn:cite:episteme:muncg212img.MunCG212-page420
urn:cite:episteme:muncg212.208v,"Munich Codex Graecus 212, folio 208 verso",421,verso,urn:cite:episteme:muncg212img.MunCG212-page421
urn:cite:episteme:muncg212.209r,"Munich Codex Graecus 212, folio 209 recto",422,recto,urn:cite:episteme:muncg212img.MunCG212-page422
urn:cite:episteme:muncg212.209v,"Munich Codex Graecus 212, folio 209 verso",423,verso,urn:cite:episteme:muncg212img.MunCG212-page423
urn:cite:episteme:muncg212.210r,"Munich Codex Graecus 212, folio 210 recto",424,recto,urn:cite:episteme:muncg212img.MunCG212-page424
urn:cite:episteme:muncg212.210v,"Munich Codex Graecus 212, folio 210 verso",425,verso,urn:cite:episteme:muncg212img.MunCG212-page425
urn:cite:episteme:muncg212.211r,"Munich Codex Graecus 212, folio 211 recto",426,recto,urn:cite:episteme:muncg212img.MunCG212-page426
urn:cite:episteme:muncg212.211v,"Munich Codex Graecus 212, folio 211 verso",427,verso,urn:cite:episteme:muncg212img.MunCG212-page427
urn:cite:episteme:muncg212.212r,"Munich Codex Graecus 212, folio 212 recto",428,recto,urn:cite:episteme:muncg212img.MunCG212-page428
urn:cite:episteme:muncg212.212v,"Munich Codex Graecus 212, folio 212 verso",429,verso,urn:cite:episteme:muncg212img.MunCG212-page429
urn:cite:episteme:muncg212.213r,"Munich Codex Graecus 212, folio 213 recto",430,recto,urn:cite:episteme:muncg212img.MunCG212-page430
urn:cite:episteme:muncg212.213v,"Munich Codex Graecus 212, folio 213 verso",431,verso,urn:cite:episteme:muncg212img.MunCG212-page431
urn:cite:episteme:muncg212.214r,"Munich Codex Graecus 212, folio 214 recto",432,recto,urn:cite:episteme:muncg212img.MunCG212-page432
urn:cite:episteme:muncg212.214v,"Munich Codex Graecus 212, folio 214 verso",433,verso,urn:cite:episteme:muncg212img.MunCG212-page433
urn:cite:episteme:muncg212.215r,"Munich Codex Graecus 212, folio 215 recto",434,recto,urn:cite:episteme:muncg212img.MunCG212-page434
urn:cite:episteme:muncg212.215v,"Munich Codex Graecus 212, folio 215 verso",435,verso,urn:cite:episteme:muncg212img.MunCG212-page435
urn:cite:episteme:muncg212.216r,"Munich Codex Graecus 212, folio 216 recto",436,recto,urn:cite:episteme:muncg212img.MunCG212-page436
urn:cite:episteme:muncg212.216v,"Munich Codex Graecus 212, folio 216 verso",437,verso,urn:cite:episteme:muncg212img.MunCG212-page437
urn:cite:episteme:muncg212.217r,"Munich Codex Graecus 212, folio 217 recto",438,recto,urn:cite:episteme:muncg212img.MunCG212-page438
urn:cite:episteme:muncg212.217v,"Munich Codex Graecus 212, folio 217 verso",439,verso,urn:cite:episteme:muncg212img.MunCG212-page439
urn:cite:episteme:muncg212.218r,"Munich Codex Graecus 212, folio 218 recto",440,recto,urn:cite:episteme:muncg212img.MunCG212-page440
urn:cite:episteme:muncg212.218v,"Munich Codex Graecus 212, folio 218 verso",441,verso,urn:cite:episteme:muncg212img.MunCG212-page441
urn:cite:episteme:muncg212.219r,"Munich Codex Graecus 212, folio 219 recto",442,recto,urn:cite:episteme:muncg212img.MunCG212-page442
urn:cite:episteme:muncg212.219v,"Munich Codex Graecus 212, folio 219 verso",443,verso,urn:cite:episteme:muncg212img.MunCG212-page443
urn:cite:episteme:muncg212.220r,"Munich Codex Graecus 212, folio 220 recto",444,recto,urn:cite:episteme:muncg212img.MunCG212-page444
urn:cite:episteme:muncg212.220v,"Munich Codex Graecus 212, folio 220 verso",445,verso,urn:cite:episteme:muncg212img.MunCG212-page445
urn:cite:episteme:muncg212.221r,"Munich Codex Graecus 212, folio 221 recto",446,recto,urn:cite:episteme:muncg212img.MunCG212-page446
urn:cite:episteme:muncg212.221v,"Munich Codex Graecus 212, folio 221 verso",447,verso,urn:cite:episteme:muncg212img.MunCG212-page447
urn:cite:episteme:muncg212.222r,"Munich Codex Graecus 212, folio 222 recto",448,recto,urn:cite:episteme:muncg212img.MunCG212-page448
urn:cite:episteme:muncg212.222v,"Munich Codex Graecus 212, folio 222 verso",449,verso,urn:cite:episteme:muncg212img.MunCG212-page449
urn:cite:episteme:muncg212.223r,"Munich Codex Graecus 212, folio 223 recto",450,recto,urn:cite:episteme:muncg212img.MunCG212-page450
urn:cite:episteme:muncg212.223v,"Munich Codex Graecus 212, folio 223 verso",451,verso,urn:cite:episteme:muncg212img.MunCG212-page451
urn:cite:episteme:muncg212.224r,"Munich Codex Graecus 212, folio 224 recto",452,recto,urn:cite:episteme:muncg212img.MunCG212-page452
urn:cite:episteme:muncg212.224v,"Munich Codex Graecus 212, folio 224 verso",453,verso,urn:cite:episteme:muncg212img.MunCG212-page453
urn:cite:episteme:muncg212.225r,"Munich Codex Graecus 212, folio 225 recto",454,recto,urn:cite:episteme:muncg212img.MunCG212-page454
urn:cite:episteme:muncg212.225v,"Munich Codex Graecus 212, folio 225 verso",455,verso,urn:cite:episteme:muncg212img.MunCG212-page455
urn:cite:episteme:muncg212.226r,"Munich Codex Graecus 212, folio 226 recto",456,recto,urn:cite:episteme:muncg212img.MunCG212-page456
urn:cite:episteme:muncg212.226v,"Munich Codex Graecus 212, folio 226 verso",457,verso,urn:cite:episteme:muncg212img.MunCG212-page457
urn:cite:episteme:muncg212.227r,"Munich Codex Graecus 212, folio 227 recto",458,recto,urn:cite:episteme:muncg212img.MunCG212-page458
urn:cite:episteme:muncg212.227v,"Munich Codex Graecus 212, folio 227 verso",459,verso,urn:cite:episteme:muncg212img.MunCG212-page459
urn:cite:episteme:muncg212.228r,"Munich Codex Graecus 212, folio 228 recto",460,recto,urn:cite:episteme:muncg212img.MunCG212-page460
urn:cite:episteme:muncg212.228v,"Munich Codex Graecus 212, folio 228 verso",461,verso,urn:cite:episteme:muncg212img.MunCG212-page461
urn:cite:episteme:muncg212.229r,"Munich Codex Graecus 212, folio 229 recto",462,recto,urn:cite:episteme:muncg212img.MunCG212-page462
urn:cite:episteme:muncg212.229v,"Munich Codex Graecus 212, folio 229 verso",463,verso,urn:cite:episteme:muncg212img.MunCG212-page463
urn:cite:episteme:muncg212.230r,"Munich Codex Graecus 212, folio 230 recto",464,recto,urn:cite:episteme:muncg212img.MunCG212-page464
urn:cite:episteme:muncg212.230v,"Munich Codex Graecus 212, folio 230 verso",465,verso,urn:cite:episteme:muncg212img.MunCG212-page465
urn:cite:episteme:muncg212.231r,"Munich Codex Graecus 212, folio 231 recto",466,recto,urn:cite:episteme:muncg212img.MunCG212-page466
urn:cite:episteme:muncg212.231v,"Munich Codex Graecus 212, folio 231 verso",467,verso,urn:cite:episteme:muncg212img.MunCG212-page467
urn:cite:episteme:muncg212.232r,"Munich Codex Graecus 212, folio 232 recto",468,recto,urn:cite:episteme:muncg212img.MunCG212-page468
urn:cite:episteme:muncg212.232v,"Munich Codex Graecus 212, folio 232 verso",469,verso,urn:cite:episteme:muncg212img.MunCG212-page469
urn:cite:episteme:muncg212.233r,"Munich Codex Graecus 212, folio 233 recto",470,recto,urn:cite:episteme:muncg212img.MunCG212-page470
urn:cite:episteme:muncg212.233v,"Munich Codex Graecus 212, folio 233 verso",471,verso,urn:cite:episteme:muncg212img.MunCG212-page471
urn:cite:episteme:muncg212.234r,"Munich Codex Graecus 212, folio 234 recto",472,recto,urn:cite:episteme:muncg212img.MunCG212-page472
urn:cite:episteme:muncg212.234v,"Munich Codex Graecus 212, folio 234 verso",473,verso,urn:cite:episteme:muncg212img.MunCG212-page473
urn:cite:episteme:muncg212.235r,"Munich Codex Graecus 212, folio 235 recto",474,recto,urn:cite:episteme:muncg212img.MunCG212-page474
urn:cite:episteme:muncg212.235v,"Munich Codex Graecus 212, folio 235 verso",475,verso,urn:cite:episteme:muncg212img.MunCG212-page475
urn:cite:episteme:muncg212.236r,"Munich Codex Graecus 212, folio 236 recto",476,recto,urn:cite:episteme:muncg212img.MunCG212-page476
urn:cite:episteme:muncg212.236v,"Munich Codex Graecus 212, folio 236 verso",477,verso,urn:cite:episteme:muncg212img.MunCG212-page477
urn:cite:episteme:muncg212.237r,"Munich Codex Graecus 212, folio 237 recto",478,recto,urn:cite:episteme:muncg212img.MunCG212-page478
urn:cite:episteme:muncg212.237v,"Munich Codex Graecus 212, folio 237 verso",479,verso,urn:cite:episteme:muncg212img.MunCG212-page479
urn:cite:episteme:muncg212.238r,"Munich Codex Graecus 212, folio 238 recto",480,recto,urn:cite:episteme:muncg212img.MunCG212-page480
urn:cite:episteme:muncg212.238v,"Munich Codex Graecus 212, folio 238 verso",481,verso,urn:cite:episteme:muncg212img.MunCG212-page481
urn:cite:episteme:muncg212.239r,"Munich Codex Graecus 212, folio 239 recto",482,recto,urn:cite:episteme:muncg212img.MunCG212-page482
urn:cite:episteme:muncg212.239v,"Munich Codex Graecus 212, folio 239 verso",483,verso,urn:cite:episteme:muncg212img.MunCG212-page483
urn:cite:episteme:muncg212.240r,"Munich Codex Graecus 212, folio 240 recto",484,recto,urn:cite:episteme:muncg212img.MunCG212-page484
urn:cite:episteme:muncg212.240v,"Munich Codex Graecus 212, folio 240 verso",485,verso,urn:cite:episteme:muncg212img.MunCG212-page485
urn:cite:episteme:muncg212.241r,"Munich Codex Graecus 212, folio 241 recto",486,recto,urn:cite:episteme:muncg212img.MunCG212-page486
urn:cite:episteme:muncg212.241v,"Munich Codex Graecus 212, folio 241 verso",487,verso,urn:cite:episteme:muncg212img.MunCG212-page487
urn:cite:episteme:muncg212.242r,"Munich Codex Graecus 212, folio 242 recto",488,recto,urn:cite:episteme:muncg212img.MunCG212-page488
urn:cite:episteme:muncg212.242v,"Munich Codex Graecus 212, folio 242 verso",489,verso,urn:cite:episteme:muncg212img.MunCG212-page489
urn:cite:episteme:muncg212.243r,"Munich Codex Graecus 212, folio 243 recto",490,recto,urn:cite:episteme:muncg212img.MunCG212-page490
urn:cite:episteme:muncg212.243v,"Munich Codex Graecus 212, folio 243 verso",491,verso,urn:cite:episteme:muncg212img.MunCG212-page491
urn:cite:episteme:muncg212.244r,"Munich Codex Graecus 212, folio 244 recto",492,recto,urn:cite:episteme:muncg212img.MunCG212-page492
urn:cite:episteme:muncg212.244v,"Munich Codex Graecus 212, folio 244 verso",493,verso,urn:cite:episteme:muncg212img.MunCG212-page493
urn:cite:episteme:muncg212.245r,"Munich Codex Graecus 212, folio 245 recto",494,recto,urn:cite:episteme:muncg212img.MunCG212-page494
urn:cite:episteme:muncg212.245v,"Munich Codex Graecus 212, folio 245 verso",495,verso,urn:cite:episteme:muncg212img.MunCG212-page495
urn:cite:episteme:muncg212.246r,"Munich Codex Graecus 212, folio 246 recto",496,recto,urn:cite:episteme:muncg212img.MunCG212-page496
urn:cite:episteme:muncg212.246v,"Munich Codex Graecus 212, folio 246 verso",497,verso,urn:cite:episteme:muncg212img.MunCG212-page497
urn:cite:episteme:muncg212.247r,"Munich Codex Graecus 212, folio 247 recto",498,recto,urn:cite:episteme:muncg212img.MunCG212-page498
urn:cite:episteme:muncg212.247v,"Munich Codex Graecus 212, folio 247 verso",499,verso,urn:cite:episteme:muncg212img.MunCG212-page499
urn:cite:episteme:muncg212.248r,"Munich Codex Graecus 212, folio 248 recto",500,recto,urn:cite:episteme:muncg212img.MunCG212-page500
urn:cite:episteme:muncg212.248v,"Munich Codex Graecus 212, folio 248 verso",501,verso,urn:cite:episteme:muncg212img.MunCG212-page501
urn:cite:episteme:muncg212.249r,"Munich Codex Graecus 212, folio 249 recto",502,recto,urn:cite:episteme:muncg212img.MunCG212-page502
urn:cite:episteme:muncg212.249v,"Munich Codex Graecus 212, folio 249 verso",503,verso,urn:cite:episteme:muncg212img.MunCG212-page503
urn:cite:episteme:muncg212.250r,"Munich Codex Graecus 212, folio 250 recto",504,recto,urn:cite:episteme:muncg212img.MunCG212-page504
urn:cite:episteme:muncg212.250v,"Munich Codex Graecus 212, folio 250 verso",505,verso,urn:cite:episteme:muncg212img.MunCG212-page505
urn:cite:episteme:muncg212.251r,"Munich Codex Graecus 212, folio 251 recto",506,recto,urn:cite:episteme:muncg212img.MunCG212-page506
urn:cite:episteme:muncg212.251v,"Munich Codex Graecus 212, folio 251 verso",507,verso,urn:cite:episteme:muncg212img.MunCG212-page507
urn:cite:episteme:muncg212.252r,"Munich Codex Graecus 212, folio 252 recto",508,recto,urn:cite:episteme:muncg212img.MunCG212-page508
urn:cite:episteme:muncg212.252v,"Munich Codex Graecus 212, folio 252 verso",509,verso,urn:cite:episteme:muncg212img.MunCG212-page509
urn:cite:episteme:muncg212.253r,"Munich Codex Graecus 212, folio 253 recto",510,recto,urn:cite:episteme:muncg212img.MunCG212-page510
urn:cite:episteme:muncg212.253v,"Munich Codex Graecus 212, folio 253 verso",511,verso,urn:cite:episteme:muncg212img.MunCG212-page511
urn:cite:episteme:muncg212.254r,"Munich Codex Graecus 212, folio 254 recto",512,recto,urn:cite:episteme:muncg212img.MunCG212-page512
urn:cite:episteme:muncg212.254v,"Munich Codex Graecus 212, folio 254 verso",513,verso,urn:cite:episteme:muncg212img.MunCG212-page513
urn:cite:episteme:muncg212.255r,"Munich Codex Graecus 212, folio 255 recto",514,recto,urn:cite:episteme:muncg212img.MunCG212-page514
urn:cite:episteme:muncg212.255v,"Munich Codex Graecus 212, folio 255 verso",515,verso,urn:cite:episteme:muncg212img.MunCG212-page515
urn:cite:episteme:muncg212.256r,"Munich Codex Graecus 212, folio 256 recto",516,recto,urn:cite:episteme:muncg212img.MunCG212-page516
urn:cite:episteme:muncg212.256v,"Munich Codex Graecus 212, folio 256 verso",517,verso,urn:cite:episteme:muncg212img.MunCG212-page517
urn:cite:episteme:muncg212.257r,"Munich Codex Graecus 212, folio 257 recto",518,recto,urn:cite:episteme:muncg212img.MunCG212-page518
urn:cite:episteme:muncg212.257v,"Munich Codex Graecus 212, folio 257 verso",519,verso,urn:cite:episteme:muncg212img.MunCG212-page519
urn:cite:episteme:muncg212.258r,"Munich Codex Graecus 212, folio 258 recto",520,recto,urn:cite:episteme:muncg212img.MunCG212-page520
urn:cite:episteme:muncg212.258v,"Munich Codex Graecus 212, folio 258 verso",521,verso,urn:cite:episteme:muncg212img.MunCG212-page521
urn:cite:episteme:muncg212.259r,"Munich Codex Graecus 212, folio 259 recto",522,recto,urn:cite:episteme:muncg212img.MunCG212-page522
urn:cite:episteme:muncg212.259v,"Munich Codex Graecus 212, folio 259 verso",523,verso,urn:cite:episteme:muncg212img.MunCG212-page523
urn:cite:episteme:muncg212.260r,"Munich Codex Graecus 212, folio 260 recto",524,recto,urn:cite:episteme:muncg212img.MunCG212-page524
urn:cite:episteme:muncg212.260v,"Munich Codex Graecus 212, folio 260 verso",525,verso,urn:cite:episteme:muncg212img.MunCG212-page525
urn:cite:episteme:muncg212.261r,"Munich Codex Graecus 212, folio 261 recto",526,recto,urn:cite:episteme:muncg212img.MunCG212-page526
urn:cite:episteme:muncg212.261v,"Munich Codex Graecus 212, folio 261 verso",527,verso,urn:cite:episteme:muncg212img.MunCG212-page527
urn:cite:episteme:muncg212.262r,"Munich Codex Graecus 212, folio 262 recto",528,recto,urn:cite:episteme:muncg212img.MunCG212-page528
urn:cite:episteme:muncg212.262v,"Munich Codex Graecus 212, folio 262 verso",529,verso,urn:cite:episteme:muncg212img.MunCG212-page529
urn:cite:episteme:muncg212.263r,"Munich Codex Graecus 212, folio 263 recto",530,recto,urn:cite:episteme:muncg212img.MunCG212-page530
urn:cite:episteme:muncg212.263v,"Munich Codex Graecus 212, folio 263 verso",531,verso,urn:cite:episteme:muncg212img.MunCG212-page531
urn:cite:episteme:muncg212.264r,"Munich Codex Graecus 212, folio 264 recto",532,recto,urn:cite:episteme:muncg212img.MunCG212-page532
urn:cite:episteme:muncg212.264v,"Munich Codex Graecus 212, folio 264 verso",533,verso,urn:cite:episteme:muncg212img.MunCG212-page533
urn:cite:episteme:muncg212.265r,"Munich Codex Graecus 212, folio 265 recto",534,recto,urn:cite:episteme:muncg212img.MunCG212-page534
urn:cite:episteme:muncg212.265v,"Munich Codex Graecus 212, folio 265 verso",535,verso,urn:cite:episteme:muncg212img.MunCG212-page535
urn:cite:episteme:muncg212.266r,"Munich Codex Graecus 212, folio 266 recto",536,recto,urn:cite:episteme:muncg212img.MunCG212-page536
urn:cite:episteme:muncg212.266v,"Munich Codex Graecus 212, folio 266 verso",537,verso,urn:cite:episteme:muncg212img.MunCG212-page537
urn:cite:episteme:muncg212.267r,"Munich Codex Graecus 212, folio 267 recto",538,recto,urn:cite:episteme:muncg212img.MunCG212-page538
urn:cite:episteme:muncg212.267v,"Munich Codex Graecus 212, folio 267 verso",539,verso,urn:cite:episteme:muncg212img.MunCG212-page539
urn:cite:episteme:muncg212.268r,"Munich Codex Graecus 212, folio 268 recto",540,recto,urn:cite:episteme:muncg212img.MunCG212-page540
urn:cite:episteme:muncg212.268v,"Munich Codex Graecus 212, folio 268 verso",541,verso,urn:cite:episteme:muncg212img.MunCG212-page541
urn:cite:episteme:muncg212.269r,"Munich Codex Graecus 212, folio 269 recto",542,recto,urn:cite:episteme:muncg212img.MunCG212-page542
urn:cite:episteme:muncg212.269v,"Munich Codex Graecus 212, folio 269 verso",543,verso,urn:cite:episteme:muncg212img.MunCG212-page543
urn:cite:episteme:muncg212.270r,"Munich Codex Graecus 212, folio 270 recto",544,recto,urn:cite:episteme:muncg212img.MunCG212-page544
urn:cite:episteme:muncg212.270v,"Munich Codex Graecus 212, folio 270 verso",545,verso,urn:cite:episteme:muncg212img.MunCG212-page545
urn:cite:episteme:muncg212.271r,"Munich Codex Graecus 212, folio 271 recto",546,recto,urn:cite:episteme:muncg212img.MunCG212-page546
urn:cite:episteme:muncg212.271v,"Munich Codex Graecus 212, folio 271 verso",547,verso,urn:cite:episteme:muncg212img.MunCG212-page547
