urn:cite:episteme:dorv301.euc010,"Bodleian MS D'Orville 301, folios 5 verso-6 recto.","This image is made available courtesy of the Clay Mathematical Institute: see http://www.claymath.org/euclids-elements. Commercial use is prohibited."
urn:cite:episteme:dorv301.euc011,"Bodleian MS D'Orville 301, folios 6 verso-7 recto.","This image is made available courtesy of the Clay Mathematical Institute: see http://www.claymath.org/euclids-elements. Commercial use is prohibited."
urn:cite:episteme:dorv301.euc012,"Bodleian MS D'Orville 301, folios 7 verso-8 recto.","This image is made available courtesy of the Clay Mathematical Institute: see http://www.claymath.org/euclids-elements. Commercial use is prohibited."
urn:cite:episteme:dorv301.euc013,"Bodleian MS D'Orville 301, folios 8 verso-9 recto.","This image is made available courtesy of the Clay Mathematical Institute: see http://www.claymath.org/euclids-elements. Commercial use is prohibited."
urn:cite:episteme:dorv301.euc014,"Bodleian MS D'Orville 301, folios 9 verso-10 recto.","This image is made available courtesy of the Clay Mathematical Institute: see http://www.claymath.org/euclids-elements. Commercial use is prohibited."
urn:cite:episteme:dorv301.euc015,"Bodleian MS D'Orville 301, folios 10 verso-11 recto.","This image is made available courtesy of the Clay Mathematical Institute: see http://www.claymath.org/euclids-elements. Commercial use is prohibited."
urn:cite:episteme:dorv301.euc016,"Bodleian MS D'Orville 301, folios 11 verso-12 recto.","This image is made available courtesy of the Clay Mathematical Institute: see http://www.claymath.org/euclids-elements. Commercial use is prohibited."
urn:cite:episteme:dorv301.euc017,"Bodleian MS D'Orville 301, folios 12 verso-13 recto.","This image is made available courtesy of the Clay Mathematical Institute: see http://www.claymath.org/euclids-elements. Commercial use is prohibited."
urn:cite:episteme:dorv301.euc018,"Bodleian MS D'Orville 301, folios 13 verso-14 recto.","This image is made available courtesy of the Clay Mathematical Institute: see http://www.claymath.org/euclids-elements. Commercial use is prohibited."
urn:cite:episteme:dorv301.euc019,"Bodleian MS D'Orville 301, folios 14 verso-15 recto.","This image is made available courtesy of the Clay Mathematical Institute: see http://www.claymath.org/euclids-elements. Commercial use is prohibited."
urn:cite:episteme:dorv301.euc020,"Bodleian MS D'Orville 301, folios 15 verso-16 recto.","This image is made available courtesy of the Clay Mathematical Institute: see http://www.claymath.org/euclids-elements. Commercial use is prohibited."
urn:cite:episteme:dorv301.euc021,"Bodleian MS D'Orville 301, folios 16 verso-17 recto.","This image is made available courtesy of the Clay Mathematical Institute: see http://www.claymath.org/euclids-elements. Commercial use is prohibited."
urn:cite:episteme:dorv301.euc022,"Bodleian MS D'Orville 301, folios 17 verso-18 recto.","This image is made available courtesy of the Clay Mathematical Institute: see http://www.claymath.org/euclids-elements. Commercial use is prohibited."
urn:cite:episteme:dorv301.euc023,"Bodleian MS D'Orville 301, folios 18 verso-19 recto.","This image is made available courtesy of the Clay Mathematical Institute: see http://www.claymath.org/euclids-elements. Commercial use is prohibited."
urn:cite:episteme:dorv301.euc024,"Bodleian MS D'Orville 301, folios 19 verso-20 recto.","This image is made available courtesy of the Clay Mathematical Institute: see http://www.claymath.org/euclids-elements. Commercial use is prohibited."
urn:cite:episteme:dorv301.euc025,"Bodleian MS D'Orville 301, folios 20 verso-21 recto.","This image is made available courtesy of the Clay Mathematical Institute: see http://www.claymath.org/euclids-elements. Commercial use is prohibited."
urn:cite:episteme:dorv301.euc026,"Bodleian MS D'Orville 301, folios 21 verso-22 recto.","This image is made available courtesy of the Clay Mathematical Institute: see http://www.claymath.org/euclids-elements. Commercial use is prohibited."
urn:cite:episteme:dorv301.euc027,"Bodleian MS D'Orville 301, folios 22 verso-23 recto.","This image is made available courtesy of the Clay Mathematical Institute: see http://www.claymath.org/euclids-elements. Commercial use is prohibited."
urn:cite:episteme:dorv301.euc028,"Bodleian MS D'Orville 301, folios 23 verso-24 recto.","This image is made available courtesy of the Clay Mathematical Institute: see http://www.claymath.org/euclids-elements. Commercial use is prohibited."
urn:cite:episteme:dorv301.euc029,"Bodleian MS D'Orville 301, folios 24 verso-25 recto.","This image is made available courtesy of the Clay Mathematical Institute: see http://www.claymath.org/euclids-elements. Commercial use is prohibited."
urn:cite:episteme:dorv301.euc030,"Bodleian MS D'Orville 301, folios 25 verso-26 recto.","This image is made available courtesy of the Clay Mathematical Institute: see http://www.claymath.org/euclids-elements. Commercial use is prohibited."
urn:cite:episteme:dorv301.euc031,"Bodleian MS D'Orville 301, folios 26 verso-27 recto.","This image is made available courtesy of the Clay Mathematical Institute: see http://www.claymath.org/euclids-elements. Commercial use is prohibited."
urn:cite:episteme:dorv301.euc032,"Bodleian MS D'Orville 301, folios 27 verso-28 recto.","This image is made available courtesy of the Clay Mathematical Institute: see http://www.claymath.org/euclids-elements. Commercial use is prohibited."
urn:cite:episteme:dorv301.euc033,"Bodleian MS D'Orville 301, folios 28 verso-29 recto.","This image is made available courtesy of the Clay Mathematical Institute: see http://www.claymath.org/euclids-elements. Commercial use is prohibited."
urn:cite:episteme:dorv301.euc034,"Bodleian MS D'Orville 301, folios 29 verso-30 recto.","This image is made available courtesy of the Clay Mathematical Institute: see http://www.claymath.org/euclids-elements. Commercial use is prohibited."
urn:cite:episteme:dorv301.euc035,"Bodleian MS D'Orville 301, folios 30 verso-31 recto.","This image is made available courtesy of the Clay Mathematical Institute: see http://www.claymath.org/euclids-elements. Commercial use is prohibited."
urn:cite:episteme:dorv301.euc036,"Bodleian MS D'Orville 301, folios 31 verso-32 recto.","This image is made available courtesy of the Clay Mathematical Institute: see http://www.claymath.org/euclids-elements. Commercial use is prohibited."
urn:cite:episteme:dorv301.euc037,"Bodleian MS D'Orville 301, folios 32 verso-33 recto.","This image is made available courtesy of the Clay Mathematical Institute: see http://www.claymath.org/euclids-elements. Commercial use is prohibited."
urn:cite:episteme:dorv301.euc038,"Bodleian MS D'Orville 301, folios 33 verso-34 recto.","This image is made available courtesy of the Clay Mathematical Institute: see http://www.claymath.org/euclids-elements. Commercial use is prohibited."
urn:cite:episteme:dorv301.euc039,"Bodleian MS D'Orville 301, folios 34 verso-35 recto.","This image is made available courtesy of the Clay Mathematical Institute: see http://www.claymath.org/euclids-elements. Commercial use is prohibited."
urn:cite:episteme:dorv301.euc040,"Bodleian MS D'Orville 301, folios 35 verso-36 recto.","This image is made available courtesy of the Clay Mathematical Institute: see http://www.claymath.org/euclids-elements. Commercial use is prohibited."
urn:cite:episteme:dorv301.euc041,"Bodleian MS D'Orville 301, folios 36 verso-37 recto.","This image is made available courtesy of the Clay Mathematical Institute: see http://www.claymath.org/euclids-elements. Commercial use is prohibited."
urn:cite:episteme:dorv301.euc042,"Bodleian MS D'Orville 301, folios 37 verso-38 recto.","This image is made available courtesy of the Clay Mathematical Institute: see http://www.claymath.org/euclids-elements. Commercial use is prohibited."
urn:cite:episteme:dorv301.euc043,"Bodleian MS D'Orville 301, folios 38 verso-39 recto.","This image is made available courtesy of the Clay Mathematical Institute: see http://www.claymath.org/euclids-elements. Commercial use is prohibited."
urn:cite:episteme:dorv301.euc044,"Bodleian MS D'Orville 301, folios 39 verso-40 recto.","This image is made available courtesy of the Clay Mathematical Institute: see http://www.claymath.org/euclids-elements. Commercial use is prohibited."
urn:cite:episteme:dorv301.euc045,"Bodleian MS D'Orville 301, folios 40 verso-41 recto.","This image is made available courtesy of the Clay Mathematical Institute: see http://www.claymath.org/euclids-elements. Commercial use is prohibited."
urn:cite:episteme:dorv301.euc046,"Bodleian MS D'Orville 301, folios 41 verso-42 recto.","This image is made available courtesy of the Clay Mathematical Institute: see http://www.claymath.org/euclids-elements. Commercial use is prohibited."
urn:cite:episteme:dorv301.euc047,"Bodleian MS D'Orville 301, folios 42 verso-43 recto.","This image is made available courtesy of the Clay Mathematical Institute: see http://www.claymath.org/euclids-elements. Commercial use is prohibited."
urn:cite:episteme:dorv301.euc048,"Bodleian MS D'Orville 301, folios 43 verso-44 recto.","This image is made available courtesy of the Clay Mathematical Institute: see http://www.claymath.org/euclids-elements. Commercial use is prohibited."
urn:cite:episteme:dorv301.euc049,"Bodleian MS D'Orville 301, folios 44 verso-45 recto.","This image is made available courtesy of the Clay Mathematical Institute: see http://www.claymath.org/euclids-elements. Commercial use is prohibited."
urn:cite:episteme:dorv301.euc050,"Bodleian MS D'Orville 301, folios 45 verso-46 recto.","This image is made available courtesy of the Clay Mathematical Institute: see http://www.claymath.org/euclids-elements. Commercial use is prohibited."
urn:cite:episteme:dorv301.euc051,"Bodleian MS D'Orville 301, folios 46 verso-47 recto.","This image is made available courtesy of the Clay Mathematical Institute: see http://www.claymath.org/euclids-elements. Commercial use is prohibited."
urn:cite:episteme:dorv301.euc052,"Bodleian MS D'Orville 301, folios 47 verso-48 recto.","This image is made available courtesy of the Clay Mathematical Institute: see http://www.claymath.org/euclids-elements. Commercial use is prohibited."
urn:cite:episteme:dorv301.euc053,"Bodleian MS D'Orville 301, folios 48 verso-49 recto.","This image is made available courtesy of the Clay Mathematical Institute: see http://www.claymath.org/euclids-elements. Commercial use is prohibited."
urn:cite:episteme:dorv301.euc054,"Bodleian MS D'Orville 301, folios 49 verso-50 recto.","This image is made available courtesy of the Clay Mathematical Institute: see http://www.claymath.org/euclids-elements. Commercial use is prohibited."
urn:cite:episteme:dorv301.euc055,"Bodleian MS D'Orville 301, folios 50 verso-51 recto.","This image is made available courtesy of the Clay Mathematical Institute: see http://www.claymath.org/euclids-elements. Commercial use is prohibited."
urn:cite:episteme:dorv301.euc056,"Bodleian MS D'Orville 301, folios 51 verso-52 recto.","This image is made available courtesy of the Clay Mathematical Institute: see http://www.claymath.org/euclids-elements. Commercial use is prohibited."
urn:cite:episteme:dorv301.euc057,"Bodleian MS D'Orville 301, folios 52 verso-53 recto.","This image is made available courtesy of the Clay Mathematical Institute: see http://www.claymath.org/euclids-elements. Commercial use is prohibited."
urn:cite:episteme:dorv301.euc058,"Bodleian MS D'Orville 301, folios 53 verso-54 recto.","This image is made available courtesy of the Clay Mathematical Institute: see http://www.claymath.org/euclids-elements. Commercial use is prohibited."
urn:cite:episteme:dorv301.euc059,"Bodleian MS D'Orville 301, folios 54 verso-55 recto.","This image is made available courtesy of the Clay Mathematical Institute: see http://www.claymath.org/euclids-elements. Commercial use is prohibited."
urn:cite:episteme:dorv301.euc060,"Bodleian MS D'Orville 301, folios 55 verso-56 recto.","This image is made available courtesy of the Clay Mathematical Institute: see http://www.claymath.org/euclids-elements. Commercial use is prohibited."
urn:cite:episteme:dorv301.euc061,"Bodleian MS D'Orville 301, folios 56 verso-57 recto.","This image is made available courtesy of the Clay Mathematical Institute: see http://www.claymath.org/euclids-elements. Commercial use is prohibited."
urn:cite:episteme:dorv301.euc062,"Bodleian MS D'Orville 301, folios 57 verso-58 recto.","This image is made available courtesy of the Clay Mathematical Institute: see http://www.claymath.org/euclids-elements. Commercial use is prohibited."
urn:cite:episteme:dorv301.euc063,"Bodleian MS D'Orville 301, folios 58 verso-59 recto.","This image is made available courtesy of the Clay Mathematical Institute: see http://www.claymath.org/euclids-elements. Commercial use is prohibited."
urn:cite:episteme:dorv301.euc064,"Bodleian MS D'Orville 301, folios 59 verso-60 recto.","This image is made available courtesy of the Clay Mathematical Institute: see http://www.claymath.org/euclids-elements. Commercial use is prohibited."
urn:cite:episteme:dorv301.euc065,"Bodleian MS D'Orville 301, folios 60 verso-61 recto.","This image is made available courtesy of the Clay Mathematical Institute: see http://www.claymath.org/euclids-elements. Commercial use is prohibited."
urn:cite:episteme:dorv301.euc066,"Bodleian MS D'Orville 301, folios 61 verso-62 recto.","This image is made available courtesy of the Clay Mathematical Institute: see http://www.claymath.org/euclids-elements. Commercial use is prohibited."
urn:cite:episteme:dorv301.euc067,"Bodleian MS D'Orville 301, folios 62 verso-63 recto.","This image is made available courtesy of the Clay Mathematical Institute: see http://www.claymath.org/euclids-elements. Commercial use is prohibited."
urn:cite:episteme:dorv301.euc068,"Bodleian MS D'Orville 301, folios 63 verso-64 recto.","This image is made available courtesy of the Clay Mathematical Institute: see http://www.claymath.org/euclids-elements. Commercial use is prohibited."
urn:cite:episteme:dorv301.euc069,"Bodleian MS D'Orville 301, folios 64 verso-65 recto.","This image is made available courtesy of the Clay Mathematical Institute: see http://www.claymath.org/euclids-elements. Commercial use is prohibited."
urn:cite:episteme:dorv301.euc070,"Bodleian MS D'Orville 301, folios 65 verso-66 recto.","This image is made available courtesy of the Clay Mathematical Institute: see http://www.claymath.org/euclids-elements. Commercial use is prohibited."
urn:cite:episteme:dorv301.euc071,"Bodleian MS D'Orville 301, folios 66 verso-67 recto.","This image is made available courtesy of the Clay Mathematical Institute: see http://www.claymath.org/euclids-elements. Commercial use is prohibited."
urn:cite:episteme:dorv301.euc072,"Bodleian MS D'Orville 301, folios 67 verso-68 recto.","This image is made available courtesy of the Clay Mathematical Institute: see http://www.claymath.org/euclids-elements. Commercial use is prohibited."
urn:cite:episteme:dorv301.euc073,"Bodleian MS D'Orville 301, folios 68 verso-69 recto.","This image is made available courtesy of the Clay Mathematical Institute: see http://www.claymath.org/euclids-elements. Commercial use is prohibited."
urn:cite:episteme:dorv301.euc074,"Bodleian MS D'Orville 301, folios 69 verso-70 recto.","This image is made available courtesy of the Clay Mathematical Institute: see http://www.claymath.org/euclids-elements. Commercial use is prohibited."
urn:cite:episteme:dorv301.euc075,"Bodleian MS D'Orville 301, folios 70 verso-71 recto.","This image is made available courtesy of the Clay Mathematical Institute: see http://www.claymath.org/euclids-elements. Commercial use is prohibited."
urn:cite:episteme:dorv301.euc076,"Bodleian MS D'Orville 301, folios 71 verso-72 recto.","This image is made available courtesy of the Clay Mathematical Institute: see http://www.claymath.org/euclids-elements. Commercial use is prohibited."
urn:cite:episteme:dorv301.euc077,"Bodleian MS D'Orville 301, folios 72 verso-73 recto.","This image is made available courtesy of the Clay Mathematical Institute: see http://www.claymath.org/euclids-elements. Commercial use is prohibited."
urn:cite:episteme:dorv301.euc078,"Bodleian MS D'Orville 301, folios 73 verso-74 recto.","This image is made available courtesy of the Clay Mathematical Institute: see http://www.claymath.org/euclids-elements. Commercial use is prohibited."
urn:cite:episteme:dorv301.euc079,"Bodleian MS D'Orville 301, folios 74 verso-75 recto.","This image is made available courtesy of the Clay Mathematical Institute: see http://www.claymath.org/euclids-elements. Commercial use is prohibited."
urn:cite:episteme:dorv301.euc080,"Bodleian MS D'Orville 301, folios 75 verso-76 recto.","This image is made available courtesy of the Clay Mathematical Institute: see http://www.claymath.org/euclids-elements. Commercial use is prohibited."
urn:cite:episteme:dorv301.euc081,"Bodleian MS D'Orville 301, folios 76 verso-77 recto.","This image is made available courtesy of the Clay Mathematical Institute: see http://www.claymath.org/euclids-elements. Commercial use is prohibited."
urn:cite:episteme:dorv301.euc082,"Bodleian MS D'Orville 301, folios 77 verso-78 recto.","This image is made available courtesy of the Clay Mathematical Institute: see http://www.claymath.org/euclids-elements. Commercial use is prohibited."
urn:cite:episteme:dorv301.euc083,"Bodleian MS D'Orville 301, folios 78 verso-79 recto.","This image is made available courtesy of the Clay Mathematical Institute: see http://www.claymath.org/euclids-elements. Commercial use is prohibited."
urn:cite:episteme:dorv301.euc084,"Bodleian MS D'Orville 301, folios 79 verso-80 recto.","This image is made available courtesy of the Clay Mathematical Institute: see http://www.claymath.org/euclids-elements. Commercial use is prohibited."
urn:cite:episteme:dorv301.euc085,"Bodleian MS D'Orville 301, folios 80 verso-81 recto.","This image is made available courtesy of the Clay Mathematical Institute: see http://www.claymath.org/euclids-elements. Commercial use is prohibited."
urn:cite:episteme:dorv301.euc086,"Bodleian MS D'Orville 301, folios 81 verso-82 recto.","This image is made available courtesy of the Clay Mathematical Institute: see http://www.claymath.org/euclids-elements. Commercial use is prohibited."
urn:cite:episteme:dorv301.euc087,"Bodleian MS D'Orville 301, folios 82 verso-83 recto.","This image is made available courtesy of the Clay Mathematical Institute: see http://www.claymath.org/euclids-elements. Commercial use is prohibited."
urn:cite:episteme:dorv301.euc088,"Bodleian MS D'Orville 301, folios 83 verso-84 recto.","This image is made available courtesy of the Clay Mathematical Institute: see http://www.claymath.org/euclids-elements. Commercial use is prohibited."
urn:cite:episteme:dorv301.euc089,"Bodleian MS D'Orville 301, folios 84 verso-85 recto.","This image is made available courtesy of the Clay Mathematical Institute: see http://www.claymath.org/euclids-elements. Commercial use is prohibited."
urn:cite:episteme:dorv301.euc090,"Bodleian MS D'Orville 301, folios 85 verso-86 recto.","This image is made available courtesy of the Clay Mathematical Institute: see http://www.claymath.org/euclids-elements. Commercial use is prohibited."
urn:cite:episteme:dorv301.euc091,"Bodleian MS D'Orville 301, folios 86 verso-87 recto.","This image is made available courtesy of the Clay Mathematical Institute: see http://www.claymath.org/euclids-elements. Commercial use is prohibited."
urn:cite:episteme:dorv301.euc092,"Bodleian MS D'Orville 301, folios 87 verso-88 recto.","This image is made available courtesy of the Clay Mathematical Institute: see http://www.claymath.org/euclids-elements. Commercial use is prohibited."
urn:cite:episteme:dorv301.euc093,"Bodleian MS D'Orville 301, folios 88 verso-89 recto.","This image is made available courtesy of the Clay Mathematical Institute: see http://www.claymath.org/euclids-elements. Commercial use is prohibited."
urn:cite:episteme:dorv301.euc094,"Bodleian MS D'Orville 301, folios 89 verso-90 recto.","This image is made available courtesy of the Clay Mathematical Institute: see http://www.claymath.org/euclids-elements. Commercial use is prohibited."
urn:cite:episteme:dorv301.euc095,"Bodleian MS D'Orville 301, folios 90 verso-91 recto.","This image is made available courtesy of the Clay Mathematical Institute: see http://www.claymath.org/euclids-elements. Commercial use is prohibited."
urn:cite:episteme:dorv301.euc096,"Bodleian MS D'Orville 301, folios 91 verso-92 recto.","This image is made available courtesy of the Clay Mathematical Institute: see http://www.claymath.org/euclids-elements. Commercial use is prohibited."
urn:cite:episteme:dorv301.euc097,"Bodleian MS D'Orville 301, folios 92 verso-93 recto.","This image is made available courtesy of the Clay Mathematical Institute: see http://www.claymath.org/euclids-elements. Commercial use is prohibited."
urn:cite:episteme:dorv301.euc098,"Bodleian MS D'Orville 301, folios 93 verso-94 recto.","This image is made available courtesy of the Clay Mathematical Institute: see http://www.claymath.org/euclids-elements. Commercial use is prohibited."
urn:cite:episteme:dorv301.euc099,"Bodleian MS D'Orville 301, folios 94 verso-95 recto.","This image is made available courtesy of the Clay Mathematical Institute: see http://www.claymath.org/euclids-elements. Commercial use is prohibited."
urn:cite:episteme:dorv301.euc100,"Bodleian MS D'Orville 301, folios 95 verso-96 recto.","This image is made available courtesy of the Clay Mathematical Institute: see http://www.claymath.org/euclids-elements. Commercial use is prohibited."
urn:cite:episteme:dorv301.euc101,"Bodleian MS D'Orville 301, folios 96 verso-97 recto.","This image is made available courtesy of the Clay Mathematical Institute: see http://www.claymath.org/euclids-elements. Commercial use is prohibited."
urn:cite:episteme:dorv301.euc102,"Bodleian MS D'Orville 301, folios 97 verso-98 recto.","This image is made available courtesy of the Clay Mathematical Institute: see http://www.claymath.org/euclids-elements. Commercial use is prohibited."
urn:cite:episteme:dorv301.euc103,"Bodleian MS D'Orville 301, folios 98 verso-99 recto.","This image is made available courtesy of the Clay Mathematical Institute: see http://www.claymath.org/euclids-elements. Commercial use is prohibited."
urn:cite:episteme:dorv301.euc104,"Bodleian MS D'Orville 301, folios 99 verso-100 recto.","This image is made available courtesy of the Clay Mathematical Institute: see http://www.claymath.org/euclids-elements. Commercial use is prohibited."
urn:cite:episteme:dorv301.euc105,"Bodleian MS D'Orville 301, folios 100 verso-101 recto.","This image is made available courtesy of the Clay Mathematical Institute: see http://www.claymath.org/euclids-elements. Commercial use is prohibited."
urn:cite:episteme:dorv301.euc106,"Bodleian MS D'Orville 301, folios 101 verso-102 recto.","This image is made available courtesy of the Clay Mathematical Institute: see http://www.claymath.org/euclids-elements. Commercial use is prohibited."
urn:cite:episteme:dorv301.euc107,"Bodleian MS D'Orville 301, folios 102 verso-103 recto.","This image is made available courtesy of the Clay Mathematical Institute: see http://www.claymath.org/euclids-elements. Commercial use is prohibited."
urn:cite:episteme:dorv301.euc108,"Bodleian MS D'Orville 301, folios 103 verso-104 recto.","This image is made available courtesy of the Clay Mathematical Institute: see http://www.claymath.org/euclids-elements. Commercial use is prohibited."
urn:cite:episteme:dorv301.euc109,"Bodleian MS D'Orville 301, folios 104 verso-105 recto.","This image is made available courtesy of the Clay Mathematical Institute: see http://www.claymath.org/euclids-elements. Commercial use is prohibited."
urn:cite:episteme:dorv301.euc110,"Bodleian MS D'Orville 301, folios 105 verso-106 recto.","This image is made available courtesy of the Clay Mathematical Institute: see http://www.claymath.org/euclids-elements. Commercial use is prohibited."
urn:cite:episteme:dorv301.euc111,"Bodleian MS D'Orville 301, folios 106 verso-107 recto.","This image is made available courtesy of the Clay Mathematical Institute: see http://www.claymath.org/euclids-elements. Commercial use is prohibited."
urn:cite:episteme:dorv301.euc112,"Bodleian MS D'Orville 301, folios 107 verso-108 recto.","This image is made available courtesy of the Clay Mathematical Institute: see http://www.claymath.org/euclids-elements. Commercial use is prohibited."
urn:cite:episteme:dorv301.euc113,"Bodleian MS D'Orville 301, folios 108 verso-109 recto.","This image is made available courtesy of the Clay Mathematical Institute: see http://www.claymath.org/euclids-elements. Commercial use is prohibited."
urn:cite:episteme:dorv301.euc114,"Bodleian MS D'Orville 301, folios 109 verso-110 recto.","This image is made available courtesy of the Clay Mathematical Institute: see http://www.claymath.org/euclids-elements. Commercial use is prohibited."
urn:cite:episteme:dorv301.euc115,"Bodleian MS D'Orville 301, folios 110 verso-111 recto.","This image is made available courtesy of the Clay Mathematical Institute: see http://www.claymath.org/euclids-elements. Commercial use is prohibited."
urn:cite:episteme:dorv301.euc116,"Bodleian MS D'Orville 301, folios 111 verso-112 recto.","This image is made available courtesy of the Clay Mathematical Institute: see http://www.claymath.org/euclids-elements. Commercial use is prohibited."
urn:cite:episteme:dorv301.euc117,"Bodleian MS D'Orville 301, folios 112 verso-113 recto.","This image is made available courtesy of the Clay Mathematical Institute: see http://www.claymath.org/euclids-elements. Commercial use is prohibited."
urn:cite:episteme:dorv301.euc118,"Bodleian MS D'Orville 301, folios 113 verso-114 recto.","This image is made available courtesy of the Clay Mathematical Institute: see http://www.claymath.org/euclids-elements. Commercial use is prohibited."
urn:cite:episteme:dorv301.euc119,"Bodleian MS D'Orville 301, folios 114 verso-115 recto.","This image is made available courtesy of the Clay Mathematical Institute: see http://www.claymath.org/euclids-elements. Commercial use is prohibited."
urn:cite:episteme:dorv301.euc120,"Bodleian MS D'Orville 301, folios 115 verso-116 recto.","This image is made available courtesy of the Clay Mathematical Institute: see http://www.claymath.org/euclids-elements. Commercial use is prohibited."
urn:cite:episteme:dorv301.euc121,"Bodleian MS D'Orville 301, folios 116 verso-117 recto.","This image is made available courtesy of the Clay Mathematical Institute: see http://www.claymath.org/euclids-elements. Commercial use is prohibited."
urn:cite:episteme:dorv301.euc122,"Bodleian MS D'Orville 301, folios 117 verso-118 recto.","This image is made available courtesy of the Clay Mathematical Institute: see http://www.claymath.org/euclids-elements. Commercial use is prohibited."
urn:cite:episteme:dorv301.euc123,"Bodleian MS D'Orville 301, folios 118 verso-119 recto.","This image is made available courtesy of the Clay Mathematical Institute: see http://www.claymath.org/euclids-elements. Commercial use is prohibited."
urn:cite:episteme:dorv301.euc124,"Bodleian MS D'Orville 301, folios 119 verso-120 recto.","This image is made available courtesy of the Clay Mathematical Institute: see http://www.claymath.org/euclids-elements. Commercial use is prohibited."
urn:cite:episteme:dorv301.euc125,"Bodleian MS D'Orville 301, folios 120 verso-121 recto.","This image is made available courtesy of the Clay Mathematical Institute: see http://www.claymath.org/euclids-elements. Commercial use is prohibited."
urn:cite:episteme:dorv301.euc126,"Bodleian MS D'Orville 301, folios 121 verso-122 recto.","This image is made available courtesy of the Clay Mathematical Institute: see http://www.claymath.org/euclids-elements. Commercial use is prohibited."
urn:cite:episteme:dorv301.euc127,"Bodleian MS D'Orville 301, folios 122 verso-123 recto.","This image is made available courtesy of the Clay Mathematical Institute: see http://www.claymath.org/euclids-elements. Commercial use is prohibited."
urn:cite:episteme:dorv301.euc128,"Bodleian MS D'Orville 301, folios 123 verso-124 recto.","This image is made available courtesy of the Clay Mathematical Institute: see http://www.claymath.org/euclids-elements. Commercial use is prohibited."
urn:cite:episteme:dorv301.euc129,"Bodleian MS D'Orville 301, folios 124 verso-125 recto.","This image is made available courtesy of the Clay Mathematical Institute: see http://www.claymath.org/euclids-elements. Commercial use is prohibited."
urn:cite:episteme:dorv301.euc130,"Bodleian MS D'Orville 301, folios 125 verso-126 recto.","This image is made available courtesy of the Clay Mathematical Institute: see http://www.claymath.org/euclids-elements. Commercial use is prohibited."
urn:cite:episteme:dorv301.euc131,"Bodleian MS D'Orville 301, folios 126 verso-127 recto.","This image is made available courtesy of the Clay Mathematical Institute: see http://www.claymath.org/euclids-elements. Commercial use is prohibited."
urn:cite:episteme:dorv301.euc132,"Bodleian MS D'Orville 301, folios 127 verso-128 recto.","This image is made available courtesy of the Clay Mathematical Institute: see http://www.claymath.org/euclids-elements. Commercial use is prohibited."
urn:cite:episteme:dorv301.euc133,"Bodleian MS D'Orville 301, folios 128 verso-129 recto.","This image is made available courtesy of the Clay Mathematical Institute: see http://www.claymath.org/euclids-elements. Commercial use is prohibited."
urn:cite:episteme:dorv301.euc134,"Bodleian MS D'Orville 301, folios 129 verso-130 recto.","This image is made available courtesy of the Clay Mathematical Institute: see http://www.claymath.org/euclids-elements. Commercial use is prohibited."
urn:cite:episteme:dorv301.euc135,"Bodleian MS D'Orville 301, folios 130 verso-131 recto.","This image is made available courtesy of the Clay Mathematical Institute: see http://www.claymath.org/euclids-elements. Commercial use is prohibited."
urn:cite:episteme:dorv301.euc136,"Bodleian MS D'Orville 301, folios 131 verso-132 recto.","This image is made available courtesy of the Clay Mathematical Institute: see http://www.claymath.org/euclids-elements. Commercial use is prohibited."
urn:cite:episteme:dorv301.euc137,"Bodleian MS D'Orville 301, folios 132 verso-133 recto.","This image is made available courtesy of the Clay Mathematical Institute: see http://www.claymath.org/euclids-elements. Commercial use is prohibited."
urn:cite:episteme:dorv301.euc138,"Bodleian MS D'Orville 301, folios 133 verso-134 recto.","This image is made available courtesy of the Clay Mathematical Institute: see http://www.claymath.org/euclids-elements. Commercial use is prohibited."
urn:cite:episteme:dorv301.euc139,"Bodleian MS D'Orville 301, folios 134 verso-135 recto.","This image is made available courtesy of the Clay Mathematical Institute: see http://www.claymath.org/euclids-elements. Commercial use is prohibited."
urn:cite:episteme:dorv301.euc140,"Bodleian MS D'Orville 301, folios 135 verso-136 recto.","This image is made available courtesy of the Clay Mathematical Institute: see http://www.claymath.org/euclids-elements. Commercial use is prohibited."
urn:cite:episteme:dorv301.euc141,"Bodleian MS D'Orville 301, folios 136 verso-137 recto.","This image is made available courtesy of the Clay Mathematical Institute: see http://www.claymath.org/euclids-elements. Commercial use is prohibited."
urn:cite:episteme:dorv301.euc142,"Bodleian MS D'Orville 301, folios 137 verso-138 recto.","This image is made available courtesy of the Clay Mathematical Institute: see http://www.claymath.org/euclids-elements. Commercial use is prohibited."
urn:cite:episteme:dorv301.euc143,"Bodleian MS D'Orville 301, folios 138 verso-139 recto.","This image is made available courtesy of the Clay Mathematical Institute: see http://www.claymath.org/euclids-elements. Commercial use is prohibited."
urn:cite:episteme:dorv301.euc144,"Bodleian MS D'Orville 301, folios 139 verso-140 recto.","This image is made available courtesy of the Clay Mathematical Institute: see http://www.claymath.org/euclids-elements. Commercial use is prohibited."
urn:cite:episteme:dorv301.euc145,"Bodleian MS D'Orville 301, folios 140 verso-141 recto.","This image is made available courtesy of the Clay Mathematical Institute: see http://www.claymath.org/euclids-elements. Commercial use is prohibited."
urn:cite:episteme:dorv301.euc146,"Bodleian MS D'Orville 301, folios 141 verso-142 recto.","This image is made available courtesy of the Clay Mathematical Institute: see http://www.claymath.org/euclids-elements. Commercial use is prohibited."
urn:cite:episteme:dorv301.euc147,"Bodleian MS D'Orville 301, folios 142 verso-143 recto.","This image is made available courtesy of the Clay Mathematical Institute: see http://www.claymath.org/euclids-elements. Commercial use is prohibited."
urn:cite:episteme:dorv301.euc148,"Bodleian MS D'Orville 301, folios 143 verso-144 recto.","This image is made available courtesy of the Clay Mathematical Institute: see http://www.claymath.org/euclids-elements. Commercial use is prohibited."
urn:cite:episteme:dorv301.euc149,"Bodleian MS D'Orville 301, folios 144 verso-145 recto.","This image is made available courtesy of the Clay Mathematical Institute: see http://www.claymath.org/euclids-elements. Commercial use is prohibited."
urn:cite:episteme:dorv301.euc150,"Bodleian MS D'Orville 301, folios 145 verso-146 recto.","This image is made available courtesy of the Clay Mathematical Institute: see http://www.claymath.org/euclids-elements. Commercial use is prohibited."
urn:cite:episteme:dorv301.euc151,"Bodleian MS D'Orville 301, folios 146 verso-147 recto.","This image is made available courtesy of the Clay Mathematical Institute: see http://www.claymath.org/euclids-elements. Commercial use is prohibited."
urn:cite:episteme:dorv301.euc152,"Bodleian MS D'Orville 301, folios 147 verso-148 recto.","This image is made available courtesy of the Clay Mathematical Institute: see http://www.claymath.org/euclids-elements. Commercial use is prohibited."
urn:cite:episteme:dorv301.euc153,"Bodleian MS D'Orville 301, folios 148 verso-149 recto.","This image is made available courtesy of the Clay Mathematical Institute: see http://www.claymath.org/euclids-elements. Commercial use is prohibited."
urn:cite:episteme:dorv301.euc154,"Bodleian MS D'Orville 301, folios 149 verso-150 recto.","This image is made available courtesy of the Clay Mathematical Institute: see http://www.claymath.org/euclids-elements. Commercial use is prohibited."
urn:cite:episteme:dorv301.euc155,"Bodleian MS D'Orville 301, folios 150 verso-151 recto.","This image is made available courtesy of the Clay Mathematical Institute: see http://www.claymath.org/euclids-elements. Commercial use is prohibited."
urn:cite:episteme:dorv301.euc156,"Bodleian MS D'Orville 301, folios 151 verso-152 recto.","This image is made available courtesy of the Clay Mathematical Institute: see http://www.claymath.org/euclids-elements. Commercial use is prohibited."
urn:cite:episteme:dorv301.euc157,"Bodleian MS D'Orville 301, folios 152 verso-153 recto.","This image is made available courtesy of the Clay Mathematical Institute: see http://www.claymath.org/euclids-elements. Commercial use is prohibited."
urn:cite:episteme:dorv301.euc158,"Bodleian MS D'Orville 301, folios 153 verso-154 recto.","This image is made available courtesy of the Clay Mathematical Institute: see http://www.claymath.org/euclids-elements. Commercial use is prohibited."
urn:cite:episteme:dorv301.euc159,"Bodleian MS D'Orville 301, folios 154 verso-155 recto.","This image is made available courtesy of the Clay Mathematical Institute: see http://www.claymath.org/euclids-elements. Commercial use is prohibited."
urn:cite:episteme:dorv301.euc160,"Bodleian MS D'Orville 301, folios 155 verso-156 recto.","This image is made available courtesy of the Clay Mathematical Institute: see http://www.claymath.org/euclids-elements. Commercial use is prohibited."
urn:cite:episteme:dorv301.euc161,"Bodleian MS D'Orville 301, folios 156 verso-157 recto.","This image is made available courtesy of the Clay Mathematical Institute: see http://www.claymath.org/euclids-elements. Commercial use is prohibited."
urn:cite:episteme:dorv301.euc162,"Bodleian MS D'Orville 301, folios 157 verso-158 recto.","This image is made available courtesy of the Clay Mathematical Institute: see http://www.claymath.org/euclids-elements. Commercial use is prohibited."
urn:cite:episteme:dorv301.euc163,"Bodleian MS D'Orville 301, folios 158 verso-159 recto.","This image is made available courtesy of the Clay Mathematical Institute: see http://www.claymath.org/euclids-elements. Commercial use is prohibited."
urn:cite:episteme:dorv301.euc164,"Bodleian MS D'Orville 301, folios 159 verso-160 recto.","This image is made available courtesy of the Clay Mathematical Institute: see http://www.claymath.org/euclids-elements. Commercial use is prohibited."
urn:cite:episteme:dorv301.euc165,"Bodleian MS D'Orville 301, folios 160 verso-161 recto.","This image is made available courtesy of the Clay Mathematical Institute: see http://www.claymath.org/euclids-elements. Commercial use is prohibited."
urn:cite:episteme:dorv301.euc166,"Bodleian MS D'Orville 301, folios 161 verso-162 recto.","This image is made available courtesy of the Clay Mathematical Institute: see http://www.claymath.org/euclids-elements. Commercial use is prohibited."
urn:cite:episteme:dorv301.euc167,"Bodleian MS D'Orville 301, folios 162 verso-163 recto.","This image is made available courtesy of the Clay Mathematical Institute: see http://www.claymath.org/euclids-elements. Commercial use is prohibited."
urn:cite:episteme:dorv301.euc168,"Bodleian MS D'Orville 301, folios 163 verso-164 recto.","This image is made available courtesy of the Clay Mathematical Institute: see http://www.claymath.org/euclids-elements. Commercial use is prohibited."
urn:cite:episteme:dorv301.euc169,"Bodleian MS D'Orville 301, folios 164 verso-165 recto.","This image is made available courtesy of the Clay Mathematical Institute: see http://www.claymath.org/euclids-elements. Commercial use is prohibited."
urn:cite:episteme:dorv301.euc170,"Bodleian MS D'Orville 301, folios 165 verso-166 recto.","This image is made available courtesy of the Clay Mathematical Institute: see http://www.claymath.org/euclids-elements. Commercial use is prohibited."
urn:cite:episteme:dorv301.euc171,"Bodleian MS D'Orville 301, folios 166 verso-167 recto.","This image is made available courtesy of the Clay Mathematical Institute: see http://www.claymath.org/euclids-elements. Commercial use is prohibited."
urn:cite:episteme:dorv301.euc172,"Bodleian MS D'Orville 301, folios 167 verso-168 recto.","This image is made available courtesy of the Clay Mathematical Institute: see http://www.claymath.org/euclids-elements. Commercial use is prohibited."
urn:cite:episteme:dorv301.euc173,"Bodleian MS D'Orville 301, folios 168 verso-169 recto.","This image is made available courtesy of the Clay Mathematical Institute: see http://www.claymath.org/euclids-elements. Commercial use is prohibited."
urn:cite:episteme:dorv301.euc174,"Bodleian MS D'Orville 301, folios 169 verso-170 recto.","This image is made available courtesy of the Clay Mathematical Institute: see http://www.claymath.org/euclids-elements. Commercial use is prohibited."
urn:cite:episteme:dorv301.euc175,"Bodleian MS D'Orville 301, folios 170 verso-171 recto.","This image is made available courtesy of the Clay Mathematical Institute: see http://www.claymath.org/euclids-elements. Commercial use is prohibited."
urn:cite:episteme:dorv301.euc176,"Bodleian MS D'Orville 301, folios 171 verso-172 recto.","This image is made available courtesy of the Clay Mathematical Institute: see http://www.claymath.org/euclids-elements. Commercial use is prohibited."
urn:cite:episteme:dorv301.euc177,"Bodleian MS D'Orville 301, folios 172 verso-173 recto.","This image is made available courtesy of the Clay Mathematical Institute: see http://www.claymath.org/euclids-elements. Commercial use is prohibited."
urn:cite:episteme:dorv301.euc178,"Bodleian MS D'Orville 301, folios 173 verso-174 recto.","This image is made available courtesy of the Clay Mathematical Institute: see http://www.claymath.org/euclids-elements. Commercial use is prohibited."
urn:cite:episteme:dorv301.euc179,"Bodleian MS D'Orville 301, folios 174 verso-175 recto.","This image is made available courtesy of the Clay Mathematical Institute: see http://www.claymath.org/euclids-elements. Commercial use is prohibited."
urn:cite:episteme:dorv301.euc180,"Bodleian MS D'Orville 301, folios 175 verso-176 recto.","This image is made available courtesy of the Clay Mathematical Institute: see http://www.claymath.org/euclids-elements. Commercial use is prohibited."
urn:cite:episteme:dorv301.euc181,"Bodleian MS D'Orville 301, folios 176 verso-177 recto.","This image is made available courtesy of the Clay Mathematical Institute: see http://www.claymath.org/euclids-elements. Commercial use is prohibited."
urn:cite:episteme:dorv301.euc182,"Bodleian MS D'Orville 301, folios 177 verso-178 recto.","This image is made available courtesy of the Clay Mathematical Institute: see http://www.claymath.org/euclids-elements. Commercial use is prohibited."
urn:cite:episteme:dorv301.euc183,"Bodleian MS D'Orville 301, folios 178 verso-179 recto.","This image is made available courtesy of the Clay Mathematical Institute: see http://www.claymath.org/euclids-elements. Commercial use is prohibited."
urn:cite:episteme:dorv301.euc184,"Bodleian MS D'Orville 301, folios 179 verso-180 recto.","This image is made available courtesy of the Clay Mathematical Institute: see http://www.claymath.org/euclids-elements. Commercial use is prohibited."
urn:cite:episteme:dorv301.euc185,"Bodleian MS D'Orville 301, folios 180 verso-181 recto.","This image is made available courtesy of the Clay Mathematical Institute: see http://www.claymath.org/euclids-elements. Commercial use is prohibited."
urn:cite:episteme:dorv301.euc186,"Bodleian MS D'Orville 301, folios 181 verso-182 recto.","This image is made available courtesy of the Clay Mathematical Institute: see http://www.claymath.org/euclids-elements. Commercial use is prohibited."
urn:cite:episteme:dorv301.euc187,"Bodleian MS D'Orville 301, folios 182 verso-183 recto.","This image is made available courtesy of the Clay Mathematical Institute: see http://www.claymath.org/euclids-elements. Commercial use is prohibited."
urn:cite:episteme:dorv301.euc188,"Bodleian MS D'Orville 301, folios 183 verso-184 recto.","This image is made available courtesy of the Clay Mathematical Institute: see http://www.claymath.org/euclids-elements. Commercial use is prohibited."
urn:cite:episteme:dorv301.euc189,"Bodleian MS D'Orville 301, folios 184 verso-185 recto.","This image is made available courtesy of the Clay Mathematical Institute: see http://www.claymath.org/euclids-elements. Commercial use is prohibited."
urn:cite:episteme:dorv301.euc190,"Bodleian MS D'Orville 301, folios 185 verso-186 recto.","This image is made available courtesy of the Clay Mathematical Institute: see http://www.claymath.org/euclids-elements. Commercial use is prohibited."
urn:cite:episteme:dorv301.euc191,"Bodleian MS D'Orville 301, folios 186 verso-187 recto.","This image is made available courtesy of the Clay Mathematical Institute: see http://www.claymath.org/euclids-elements. Commercial use is prohibited."
urn:cite:episteme:dorv301.euc192,"Bodleian MS D'Orville 301, folios 187 verso-188 recto.","This image is made available courtesy of the Clay Mathematical Institute: see http://www.claymath.org/euclids-elements. Commercial use is prohibited."
urn:cite:episteme:dorv301.euc193,"Bodleian MS D'Orville 301, folios 188 verso-189 recto.","This image is made available courtesy of the Clay Mathematical Institute: see http://www.claymath.org/euclids-elements. Commercial use is prohibited."
urn:cite:episteme:dorv301.euc194,"Bodleian MS D'Orville 301, folios 189 verso-190 recto.","This image is made available courtesy of the Clay Mathematical Institute: see http://www.claymath.org/euclids-elements. Commercial use is prohibited."
urn:cite:episteme:dorv301.euc195,"Bodleian MS D'Orville 301, folios 190 verso-191 recto.","This image is made available courtesy of the Clay Mathematical Institute: see http://www.claymath.org/euclids-elements. Commercial use is prohibited."
urn:cite:episteme:dorv301.euc196,"Bodleian MS D'Orville 301, folios 191 verso-192 recto.","This image is made available courtesy of the Clay Mathematical Institute: see http://www.claymath.org/euclids-elements. Commercial use is prohibited."
urn:cite:episteme:dorv301.euc197,"Bodleian MS D'Orville 301, folios 192 verso-193 recto.","This image is made available courtesy of the Clay Mathematical Institute: see http://www.claymath.org/euclids-elements. Commercial use is prohibited."
urn:cite:episteme:dorv301.euc198,"Bodleian MS D'Orville 301, folios 193 verso-194 recto.","This image is made available courtesy of the Clay Mathematical Institute: see http://www.claymath.org/euclids-elements. Commercial use is prohibited."
urn:cite:episteme:dorv301.euc199,"Bodleian MS D'Orville 301, folios 194 verso-195 recto.","This image is made available courtesy of the Clay Mathematical Institute: see http://www.claymath.org/euclids-elements. Commercial use is prohibited."
urn:cite:episteme:dorv301.euc200,"Bodleian MS D'Orville 301, folios 195 verso-196 recto.","This image is made available courtesy of the Clay Mathematical Institute: see http://www.claymath.org/euclids-elements. Commercial use is prohibited."
urn:cite:episteme:dorv301.euc201,"Bodleian MS D'Orville 301, folios 196 verso-197 recto.","This image is made available courtesy of the Clay Mathematical Institute: see http://www.claymath.org/euclids-elements. Commercial use is prohibited."
urn:cite:episteme:dorv301.euc202,"Bodleian MS D'Orville 301, folios 197 verso-198 recto.","This image is made available courtesy of the Clay Mathematical Institute: see http://www.claymath.org/euclids-elements. Commercial use is prohibited."
urn:cite:episteme:dorv301.euc203,"Bodleian MS D'Orville 301, folios 198 verso-199 recto.","This image is made available courtesy of the Clay Mathematical Institute: see http://www.claymath.org/euclids-elements. Commercial use is prohibited."
urn:cite:episteme:dorv301.euc204,"Bodleian MS D'Orville 301, folios 199 verso-200 recto.","This image is made available courtesy of the Clay Mathematical Institute: see http://www.claymath.org/euclids-elements. Commercial use is prohibited."
urn:cite:episteme:dorv301.euc205,"Bodleian MS D'Orville 301, folios 200 verso-201 recto.","This image is made available courtesy of the Clay Mathematical Institute: see http://www.claymath.org/euclids-elements. Commercial use is prohibited."
urn:cite:episteme:dorv301.euc206,"Bodleian MS D'Orville 301, folios 201 verso-202 recto.","This image is made available courtesy of the Clay Mathematical Institute: see http://www.claymath.org/euclids-elements. Commercial use is prohibited."
urn:cite:episteme:dorv301.euc207,"Bodleian MS D'Orville 301, folios 202 verso-203 recto.","This image is made available courtesy of the Clay Mathematical Institute: see http://www.claymath.org/euclids-elements. Commercial use is prohibited."
urn:cite:episteme:dorv301.euc208,"Bodleian MS D'Orville 301, folios 203 verso-204 recto.","This image is made available courtesy of the Clay Mathematical Institute: see http://www.claymath.org/euclids-elements. Commercial use is prohibited."
urn:cite:episteme:dorv301.euc209,"Bodleian MS D'Orville 301, folios 204 verso-205 recto.","This image is made available courtesy of the Clay Mathematical Institute: see http://www.claymath.org/euclids-elements. Commercial use is prohibited."
urn:cite:episteme:dorv301.euc210,"Bodleian MS D'Orville 301, folios 205 verso-206 recto.","This image is made available courtesy of the Clay Mathematical Institute: see http://www.claymath.org/euclids-elements. Commercial use is prohibited."
urn:cite:episteme:dorv301.euc211,"Bodleian MS D'Orville 301, folios 206 verso-207 recto.","This image is made available courtesy of the Clay Mathematical Institute: see http://www.claymath.org/euclids-elements. Commercial use is prohibited."
urn:cite:episteme:dorv301.euc212,"Bodleian MS D'Orville 301, folios 207 verso-208 recto.","This image is made available courtesy of the Clay Mathematical Institute: see http://www.claymath.org/euclids-elements. Commercial use is prohibited."
urn:cite:episteme:dorv301.euc213,"Bodleian MS D'Orville 301, folios 208 verso-209 recto.","This image is made available courtesy of the Clay Mathematical Institute: see http://www.claymath.org/euclids-elements. Commercial use is prohibited."
urn:cite:episteme:dorv301.euc214,"Bodleian MS D'Orville 301, folios 209 verso-210 recto.","This image is made available courtesy of the Clay Mathematical Institute: see http://www.claymath.org/euclids-elements. Commercial use is prohibited."
urn:cite:episteme:dorv301.euc215,"Bodleian MS D'Orville 301, folios 210 verso-211 recto.","This image is made available courtesy of the Clay Mathematical Institute: see http://www.claymath.org/euclids-elements. Commercial use is prohibited."
urn:cite:episteme:dorv301.euc216,"Bodleian MS D'Orville 301, folios 211 verso-212 recto.","This image is made available courtesy of the Clay Mathematical Institute: see http://www.claymath.org/euclids-elements. Commercial use is prohibited."
urn:cite:episteme:dorv301.euc217,"Bodleian MS D'Orville 301, folios 212 verso-213 recto.","This image is made available courtesy of the Clay Mathematical Institute: see http://www.claymath.org/euclids-elements. Commercial use is prohibited."
urn:cite:episteme:dorv301.euc218,"Bodleian MS D'Orville 301, folios 213 verso-214 recto.","This image is made available courtesy of the Clay Mathematical Institute: see http://www.claymath.org/euclids-elements. Commercial use is prohibited."
urn:cite:episteme:dorv301.euc219,"Bodleian MS D'Orville 301, folios 214 verso-215 recto.","This image is made available courtesy of the Clay Mathematical Institute: see http://www.claymath.org/euclids-elements. Commercial use is prohibited."
urn:cite:episteme:dorv301.euc220,"Bodleian MS D'Orville 301, folios 215 verso-216 recto.","This image is made available courtesy of the Clay Mathematical Institute: see http://www.claymath.org/euclids-elements. Commercial use is prohibited."
urn:cite:episteme:dorv301.euc221,"Bodleian MS D'Orville 301, folios 216 verso-217 recto.","This image is made available courtesy of the Clay Mathematical Institute: see http://www.claymath.org/euclids-elements. Commercial use is prohibited."
urn:cite:episteme:dorv301.euc222,"Bodleian MS D'Orville 301, folios 217 verso-218 recto.","This image is made available courtesy of the Clay Mathematical Institute: see http://www.claymath.org/euclids-elements. Commercial use is prohibited."
urn:cite:episteme:dorv301.euc223,"Bodleian MS D'Orville 301, folios 218 verso-219 recto.","This image is made available courtesy of the Clay Mathematical Institute: see http://www.claymath.org/euclids-elements. Commercial use is prohibited."
urn:cite:episteme:dorv301.euc224,"Bodleian MS D'Orville 301, folios 219 verso-220 recto.","This image is made available courtesy of the Clay Mathematical Institute: see http://www.claymath.org/euclids-elements. Commercial use is prohibited."
urn:cite:episteme:dorv301.euc225,"Bodleian MS D'Orville 301, folios 220 verso-221 recto.","This image is made available courtesy of the Clay Mathematical Institute: see http://www.claymath.org/euclids-elements. Commercial use is prohibited."
urn:cite:episteme:dorv301.euc226,"Bodleian MS D'Orville 301, folios 221 verso-222 recto.","This image is made available courtesy of the Clay Mathematical Institute: see http://www.claymath.org/euclids-elements. Commercial use is prohibited."
urn:cite:episteme:dorv301.euc227,"Bodleian MS D'Orville 301, folios 222 verso-223 recto.","This image is made available courtesy of the Clay Mathematical Institute: see http://www.claymath.org/euclids-elements. Commercial use is prohibited."
urn:cite:episteme:dorv301.euc228,"Bodleian MS D'Orville 301, folios 223 verso-224 recto.","This image is made available courtesy of the Clay Mathematical Institute: see http://www.claymath.org/euclids-elements. Commercial use is prohibited."
urn:cite:episteme:dorv301.euc229,"Bodleian MS D'Orville 301, folios 224 verso-225 recto.","This image is made available courtesy of the Clay Mathematical Institute: see http://www.claymath.org/euclids-elements. Commercial use is prohibited."
urn:cite:episteme:dorv301.euc230,"Bodleian MS D'Orville 301, folios 225 verso-226 recto.","This image is made available courtesy of the Clay Mathematical Institute: see http://www.claymath.org/euclids-elements. Commercial use is prohibited."
urn:cite:episteme:dorv301.euc231,"Bodleian MS D'Orville 301, folios 226 verso-227 recto.","This image is made available courtesy of the Clay Mathematical Institute: see http://www.claymath.org/euclids-elements. Commercial use is prohibited."
urn:cite:episteme:dorv301.euc232,"Bodleian MS D'Orville 301, folios 227 verso-228 recto.","This image is made available courtesy of the Clay Mathematical Institute: see http://www.claymath.org/euclids-elements. Commercial use is prohibited."
urn:cite:episteme:dorv301.euc233,"Bodleian MS D'Orville 301, folios 228 verso-229 recto.","This image is made available courtesy of the Clay Mathematical Institute: see http://www.claymath.org/euclids-elements. Commercial use is prohibited."
urn:cite:episteme:dorv301.euc234,"Bodleian MS D'Orville 301, folios 229 verso-230 recto.","This image is made available courtesy of the Clay Mathematical Institute: see http://www.claymath.org/euclids-elements. Commercial use is prohibited."
urn:cite:episteme:dorv301.euc235,"Bodleian MS D'Orville 301, folios 230 verso-231 recto.","This image is made available courtesy of the Clay Mathematical Institute: see http://www.claymath.org/euclids-elements. Commercial use is prohibited."
urn:cite:episteme:dorv301.euc236,"Bodleian MS D'Orville 301, folios 231 verso-232 recto.","This image is made available courtesy of the Clay Mathematical Institute: see http://www.claymath.org/euclids-elements. Commercial use is prohibited."
urn:cite:episteme:dorv301.euc237,"Bodleian MS D'Orville 301, folios 232 verso-233 recto.","This image is made available courtesy of the Clay Mathematical Institute: see http://www.claymath.org/euclids-elements. Commercial use is prohibited."
urn:cite:episteme:dorv301.euc238,"Bodleian MS D'Orville 301, folios 233 verso-234 recto.","This image is made available courtesy of the Clay Mathematical Institute: see http://www.claymath.org/euclids-elements. Commercial use is prohibited."
urn:cite:episteme:dorv301.euc239,"Bodleian MS D'Orville 301, folios 234 verso-235 recto.","This image is made available courtesy of the Clay Mathematical Institute: see http://www.claymath.org/euclids-elements. Commercial use is prohibited."
urn:cite:episteme:dorv301.euc240,"Bodleian MS D'Orville 301, folios 235 verso-236 recto.","This image is made available courtesy of the Clay Mathematical Institute: see http://www.claymath.org/euclids-elements. Commercial use is prohibited."
urn:cite:episteme:dorv301.euc241,"Bodleian MS D'Orville 301, folios 236 verso-237 recto.","This image is made available courtesy of the Clay Mathematical Institute: see http://www.claymath.org/euclids-elements. Commercial use is prohibited."
urn:cite:episteme:dorv301.euc242,"Bodleian MS D'Orville 301, folios 237 verso-238 recto.","This image is made available courtesy of the Clay Mathematical Institute: see http://www.claymath.org/euclids-elements. Commercial use is prohibited."
urn:cite:episteme:dorv301.euc243,"Bodleian MS D'Orville 301, folios 238 verso-239 recto.","This image is made available courtesy of the Clay Mathematical Institute: see http://www.claymath.org/euclids-elements. Commercial use is prohibited."
urn:cite:episteme:dorv301.euc244,"Bodleian MS D'Orville 301, folios 239 verso-240 recto.","This image is made available courtesy of the Clay Mathematical Institute: see http://www.claymath.org/euclids-elements. Commercial use is prohibited."
urn:cite:episteme:dorv301.euc245,"Bodleian MS D'Orville 301, folios 240 verso-241 recto.","This image is made available courtesy of the Clay Mathematical Institute: see http://www.claymath.org/euclids-elements. Commercial use is prohibited."
urn:cite:episteme:dorv301.euc246,"Bodleian MS D'Orville 301, folios 241 verso-242 recto.","This image is made available courtesy of the Clay Mathematical Institute: see http://www.claymath.org/euclids-elements. Commercial use is prohibited."
urn:cite:episteme:dorv301.euc247,"Bodleian MS D'Orville 301, folios 242 verso-243 recto.","This image is made available courtesy of the Clay Mathematical Institute: see http://www.claymath.org/euclids-elements. Commercial use is prohibited."
urn:cite:episteme:dorv301.euc248,"Bodleian MS D'Orville 301, folios 243 verso-244 recto.","This image is made available courtesy of the Clay Mathematical Institute: see http://www.claymath.org/euclids-elements. Commercial use is prohibited."
urn:cite:episteme:dorv301.euc249,"Bodleian MS D'Orville 301, folios 244 verso-245 recto.","This image is made available courtesy of the Clay Mathematical Institute: see http://www.claymath.org/euclids-elements. Commercial use is prohibited."
urn:cite:episteme:dorv301.euc250,"Bodleian MS D'Orville 301, folios 245 verso-246 recto.","This image is made available courtesy of the Clay Mathematical Institute: see http://www.claymath.org/euclids-elements. Commercial use is prohibited."
urn:cite:episteme:dorv301.euc251,"Bodleian MS D'Orville 301, folios 246 verso-247 recto.","This image is made available courtesy of the Clay Mathematical Institute: see http://www.claymath.org/euclids-elements. Commercial use is prohibited."
urn:cite:episteme:dorv301.euc252,"Bodleian MS D'Orville 301, folios 247 verso-248 recto.","This image is made available courtesy of the Clay Mathematical Institute: see http://www.claymath.org/euclids-elements. Commercial use is prohibited."
urn:cite:episteme:dorv301.euc253,"Bodleian MS D'Orville 301, folios 248 verso-249 recto.","This image is made available courtesy of the Clay Mathematical Institute: see http://www.claymath.org/euclids-elements. Commercial use is prohibited."
urn:cite:episteme:dorv301.euc254,"Bodleian MS D'Orville 301, folios 249 verso-250 recto.","This image is made available courtesy of the Clay Mathematical Institute: see http://www.claymath.org/euclids-elements. Commercial use is prohibited."
urn:cite:episteme:dorv301.euc255,"Bodleian MS D'Orville 301, folios 250 verso-251 recto.","This image is made available courtesy of the Clay Mathematical Institute: see http://www.claymath.org/euclids-elements. Commercial use is prohibited."
urn:cite:episteme:dorv301.euc256,"Bodleian MS D'Orville 301, folios 251 verso-252 recto.","This image is made available courtesy of the Clay Mathematical Institute: see http://www.claymath.org/euclids-elements. Commercial use is prohibited."
urn:cite:episteme:dorv301.euc257,"Bodleian MS D'Orville 301, folios 252 verso-253 recto.","This image is made available courtesy of the Clay Mathematical Institute: see http://www.claymath.org/euclids-elements. Commercial use is prohibited."
urn:cite:episteme:dorv301.euc258,"Bodleian MS D'Orville 301, folios 253 verso-254 recto.","This image is made available courtesy of the Clay Mathematical Institute: see http://www.claymath.org/euclids-elements. Commercial use is prohibited."
urn:cite:episteme:dorv301.euc259,"Bodleian MS D'Orville 301, folios 254 verso-255 recto.","This image is made available courtesy of the Clay Mathematical Institute: see http://www.claymath.org/euclids-elements. Commercial use is prohibited."
urn:cite:episteme:dorv301.euc260,"Bodleian MS D'Orville 301, folios 255 verso-256 recto.","This image is made available courtesy of the Clay Mathematical Institute: see http://www.claymath.org/euclids-elements. Commercial use is prohibited."
urn:cite:episteme:dorv301.euc261,"Bodleian MS D'Orville 301, folios 256 verso-257 recto.","This image is made available courtesy of the Clay Mathematical Institute: see http://www.claymath.org/euclids-elements. Commercial use is prohibited."
urn:cite:episteme:dorv301.euc262,"Bodleian MS D'Orville 301, folios 257 verso-258 recto.","This image is made available courtesy of the Clay Mathematical Institute: see http://www.claymath.org/euclids-elements. Commercial use is prohibited."
urn:cite:episteme:dorv301.euc263,"Bodleian MS D'Orville 301, folios 258 verso-259 recto.","This image is made available courtesy of the Clay Mathematical Institute: see http://www.claymath.org/euclids-elements. Commercial use is prohibited."
urn:cite:episteme:dorv301.euc264,"Bodleian MS D'Orville 301, folios 259 verso-260 recto.","This image is made available courtesy of the Clay Mathematical Institute: see http://www.claymath.org/euclids-elements. Commercial use is prohibited."
urn:cite:episteme:dorv301.euc265,"Bodleian MS D'Orville 301, folios 260 verso-261 recto.","This image is made available courtesy of the Clay Mathematical Institute: see http://www.claymath.org/euclids-elements. Commercial use is prohibited."
urn:cite:episteme:dorv301.euc266,"Bodleian MS D'Orville 301, folios 261 verso-262 recto.","This image is made available courtesy of the Clay Mathematical Institute: see http://www.claymath.org/euclids-elements. Commercial use is prohibited."
urn:cite:episteme:dorv301.euc267,"Bodleian MS D'Orville 301, folios 262 verso-263 recto.","This image is made available courtesy of the Clay Mathematical Institute: see http://www.claymath.org/euclids-elements. Commercial use is prohibited."
urn:cite:episteme:dorv301.euc268,"Bodleian MS D'Orville 301, folios 263 verso-264 recto.","This image is made available courtesy of the Clay Mathematical Institute: see http://www.claymath.org/euclids-elements. Commercial use is prohibited."
urn:cite:episteme:dorv301.euc269,"Bodleian MS D'Orville 301, folios 264 verso-265 recto.","This image is made available courtesy of the Clay Mathematical Institute: see http://www.claymath.org/euclids-elements. Commercial use is prohibited."
urn:cite:episteme:dorv301.euc270,"Bodleian MS D'Orville 301, folios 265 verso-266 recto.","This image is made available courtesy of the Clay Mathematical Institute: see http://www.claymath.org/euclids-elements. Commercial use is prohibited."
urn:cite:episteme:dorv301.euc271,"Bodleian MS D'Orville 301, folios 266 verso-267 recto.","This image is made available courtesy of the Clay Mathematical Institute: see http://www.claymath.org/euclids-elements. Commercial use is prohibited."
urn:cite:episteme:dorv301.euc272,"Bodleian MS D'Orville 301, folios 267 verso-268 recto.","This image is made available courtesy of the Clay Mathematical Institute: see http://www.claymath.org/euclids-elements. Commercial use is prohibited."
urn:cite:episteme:dorv301.euc273,"Bodleian MS D'Orville 301, folios 268 verso-269 recto.","This image is made available courtesy of the Clay Mathematical Institute: see http://www.claymath.org/euclids-elements. Commercial use is prohibited."
urn:cite:episteme:dorv301.euc274,"Bodleian MS D'Orville 301, folios 269 verso-270 recto.","This image is made available courtesy of the Clay Mathematical Institute: see http://www.claymath.org/euclids-elements. Commercial use is prohibited."
urn:cite:episteme:dorv301.euc275,"Bodleian MS D'Orville 301, folios 270 verso-271 recto.","This image is made available courtesy of the Clay Mathematical Institute: see http://www.claymath.org/euclids-elements. Commercial use is prohibited."
urn:cite:episteme:dorv301.euc276,"Bodleian MS D'Orville 301, folios 271 verso-272 recto.","This image is made available courtesy of the Clay Mathematical Institute: see http://www.claymath.org/euclids-elements. Commercial use is prohibited."
urn:cite:episteme:dorv301.euc277,"Bodleian MS D'Orville 301, folios 272 verso-273 recto.","This image is made available courtesy of the Clay Mathematical Institute: see http://www.claymath.org/euclids-elements. Commercial use is prohibited."
urn:cite:episteme:dorv301.euc278,"Bodleian MS D'Orville 301, folios 273 verso-274 recto.","This image is made available courtesy of the Clay Mathematical Institute: see http://www.claymath.org/euclids-elements. Commercial use is prohibited."
urn:cite:episteme:dorv301.euc279,"Bodleian MS D'Orville 301, folios 274 verso-275 recto.","This image is made available courtesy of the Clay Mathematical Institute: see http://www.claymath.org/euclids-elements. Commercial use is prohibited."
urn:cite:episteme:dorv301.euc280,"Bodleian MS D'Orville 301, folios 275 verso-276 recto.","This image is made available courtesy of the Clay Mathematical Institute: see http://www.claymath.org/euclids-elements. Commercial use is prohibited."
urn:cite:episteme:dorv301.euc281,"Bodleian MS D'Orville 301, folios 276 verso-277 recto.","This image is made available courtesy of the Clay Mathematical Institute: see http://www.claymath.org/euclids-elements. Commercial use is prohibited."
urn:cite:episteme:dorv301.euc282,"Bodleian MS D'Orville 301, folios 277 verso-278 recto.","This image is made available courtesy of the Clay Mathematical Institute: see http://www.claymath.org/euclids-elements. Commercial use is prohibited."
urn:cite:episteme:dorv301.euc283,"Bodleian MS D'Orville 301, folios 278 verso-279 recto.","This image is made available courtesy of the Clay Mathematical Institute: see http://www.claymath.org/euclids-elements. Commercial use is prohibited."
urn:cite:episteme:dorv301.euc284,"Bodleian MS D'Orville 301, folios 279 verso-280 recto.","This image is made available courtesy of the Clay Mathematical Institute: see http://www.claymath.org/euclids-elements. Commercial use is prohibited."
urn:cite:episteme:dorv301.euc285,"Bodleian MS D'Orville 301, folios 280 verso-281 recto.","This image is made available courtesy of the Clay Mathematical Institute: see http://www.claymath.org/euclids-elements. Commercial use is prohibited."
urn:cite:episteme:dorv301.euc286,"Bodleian MS D'Orville 301, folios 281 verso-282 recto.","This image is made available courtesy of the Clay Mathematical Institute: see http://www.claymath.org/euclids-elements. Commercial use is prohibited."
urn:cite:episteme:dorv301.euc287,"Bodleian MS D'Orville 301, folios 282 verso-283 recto.","This image is made available courtesy of the Clay Mathematical Institute: see http://www.claymath.org/euclids-elements. Commercial use is prohibited."
urn:cite:episteme:dorv301.euc288,"Bodleian MS D'Orville 301, folios 283 verso-284 recto.","This image is made available courtesy of the Clay Mathematical Institute: see http://www.claymath.org/euclids-elements. Commercial use is prohibited."
urn:cite:episteme:dorv301.euc289,"Bodleian MS D'Orville 301, folios 284 verso-285 recto.","This image is made available courtesy of the Clay Mathematical Institute: see http://www.claymath.org/euclids-elements. Commercial use is prohibited."
urn:cite:episteme:dorv301.euc290,"Bodleian MS D'Orville 301, folios 285 verso-286 recto.","This image is made available courtesy of the Clay Mathematical Institute: see http://www.claymath.org/euclids-elements. Commercial use is prohibited."
urn:cite:episteme:dorv301.euc291,"Bodleian MS D'Orville 301, folios 286 verso-287 recto.","This image is made available courtesy of the Clay Mathematical Institute: see http://www.claymath.org/euclids-elements. Commercial use is prohibited."
urn:cite:episteme:dorv301.euc292,"Bodleian MS D'Orville 301, folios 287 verso-288 recto.","This image is made available courtesy of the Clay Mathematical Institute: see http://www.claymath.org/euclids-elements. Commercial use is prohibited."
urn:cite:episteme:dorv301.euc293,"Bodleian MS D'Orville 301, folios 288 verso-289 recto.","This image is made available courtesy of the Clay Mathematical Institute: see http://www.claymath.org/euclids-elements. Commercial use is prohibited."
urn:cite:episteme:dorv301.euc294,"Bodleian MS D'Orville 301, folios 289 verso-290 recto.","This image is made available courtesy of the Clay Mathematical Institute: see http://www.claymath.org/euclids-elements. Commercial use is prohibited."
urn:cite:episteme:dorv301.euc295,"Bodleian MS D'Orville 301, folios 290 verso-291 recto.","This image is made available courtesy of the Clay Mathematical Institute: see http://www.claymath.org/euclids-elements. Commercial use is prohibited."
urn:cite:episteme:dorv301.euc296,"Bodleian MS D'Orville 301, folios 291 verso-292 recto.","This image is made available courtesy of the Clay Mathematical Institute: see http://www.claymath.org/euclids-elements. Commercial use is prohibited."
urn:cite:episteme:dorv301.euc297,"Bodleian MS D'Orville 301, folios 292 verso-293 recto.","This image is made available courtesy of the Clay Mathematical Institute: see http://www.claymath.org/euclids-elements. Commercial use is prohibited."
urn:cite:episteme:dorv301.euc298,"Bodleian MS D'Orville 301, folios 293 verso-294 recto.","This image is made available courtesy of the Clay Mathematical Institute: see http://www.claymath.org/euclids-elements. Commercial use is prohibited."
urn:cite:episteme:dorv301.euc299,"Bodleian MS D'Orville 301, folios 294 verso-295 recto.","This image is made available courtesy of the Clay Mathematical Institute: see http://www.claymath.org/euclids-elements. Commercial use is prohibited."
urn:cite:episteme:dorv301.euc300,"Bodleian MS D'Orville 301, folios 295 verso-296 recto.","This image is made available courtesy of the Clay Mathematical Institute: see http://www.claymath.org/euclids-elements. Commercial use is prohibited."
urn:cite:episteme:dorv301.euc301,"Bodleian MS D'Orville 301, folios 296 verso-297 recto.","This image is made available courtesy of the Clay Mathematical Institute: see http://www.claymath.org/euclids-elements. Commercial use is prohibited."
urn:cite:episteme:dorv301.euc302,"Bodleian MS D'Orville 301, folios 297 verso-298 recto.","This image is made available courtesy of the Clay Mathematical Institute: see http://www.claymath.org/euclids-elements. Commercial use is prohibited."
urn:cite:episteme:dorv301.euc303,"Bodleian MS D'Orville 301, folios 298 verso-299 recto.","This image is made available courtesy of the Clay Mathematical Institute: see http://www.claymath.org/euclids-elements. Commercial use is prohibited."
urn:cite:episteme:dorv301.euc304,"Bodleian MS D'Orville 301, folios 299 verso-300 recto.","This image is made available courtesy of the Clay Mathematical Institute: see http://www.claymath.org/euclids-elements. Commercial use is prohibited."
urn:cite:episteme:dorv301.euc305,"Bodleian MS D'Orville 301, folios 300 verso-301 recto.","This image is made available courtesy of the Clay Mathematical Institute: see http://www.claymath.org/euclids-elements. Commercial use is prohibited."
urn:cite:episteme:dorv301.euc306,"Bodleian MS D'Orville 301, folios 301 verso-302 recto.","This image is made available courtesy of the Clay Mathematical Institute: see http://www.claymath.org/euclids-elements. Commercial use is prohibited."
urn:cite:episteme:dorv301.euc307,"Bodleian MS D'Orville 301, folios 302 verso-303 recto.","This image is made available courtesy of the Clay Mathematical Institute: see http://www.claymath.org/euclids-elements. Commercial use is prohibited."
urn:cite:episteme:dorv301.euc308,"Bodleian MS D'Orville 301, folios 303 verso-304 recto.","This image is made available courtesy of the Clay Mathematical Institute: see http://www.claymath.org/euclids-elements. Commercial use is prohibited."
urn:cite:episteme:dorv301.euc309,"Bodleian MS D'Orville 301, folios 304 verso-305 recto.","This image is made available courtesy of the Clay Mathematical Institute: see http://www.claymath.org/euclids-elements. Commercial use is prohibited."
urn:cite:episteme:dorv301.euc310,"Bodleian MS D'Orville 301, folios 305 verso-306 recto.","This image is made available courtesy of the Clay Mathematical Institute: see http://www.claymath.org/euclids-elements. Commercial use is prohibited."
urn:cite:episteme:dorv301.euc311,"Bodleian MS D'Orville 301, folios 306 verso-307 recto.","This image is made available courtesy of the Clay Mathematical Institute: see http://www.claymath.org/euclids-elements. Commercial use is prohibited."
urn:cite:episteme:dorv301.euc312,"Bodleian MS D'Orville 301, folios 307 verso-308 recto.","This image is made available courtesy of the Clay Mathematical Institute: see http://www.claymath.org/euclids-elements. Commercial use is prohibited."
urn:cite:episteme:dorv301.euc313,"Bodleian MS D'Orville 301, folios 308 verso-309 recto.","This image is made available courtesy of the Clay Mathematical Institute: see http://www.claymath.org/euclids-elements. Commercial use is prohibited."
urn:cite:episteme:dorv301.euc314,"Bodleian MS D'Orville 301, folios 309 verso-310 recto.","This image is made available courtesy of the Clay Mathematical Institute: see http://www.claymath.org/euclids-elements. Commercial use is prohibited."
urn:cite:episteme:dorv301.euc315,"Bodleian MS D'Orville 301, folios 310 verso-311 recto.","This image is made available courtesy of the Clay Mathematical Institute: see http://www.claymath.org/euclids-elements. Commercial use is prohibited."
urn:cite:episteme:dorv301.euc316,"Bodleian MS D'Orville 301, folios 311 verso-312 recto.","This image is made available courtesy of the Clay Mathematical Institute: see http://www.claymath.org/euclids-elements. Commercial use is prohibited."
urn:cite:episteme:dorv301.euc317,"Bodleian MS D'Orville 301, folios 312 verso-313 recto.","This image is made available courtesy of the Clay Mathematical Institute: see http://www.claymath.org/euclids-elements. Commercial use is prohibited."
urn:cite:episteme:dorv301.euc318,"Bodleian MS D'Orville 301, folios 313 verso-314 recto.","This image is made available courtesy of the Clay Mathematical Institute: see http://www.claymath.org/euclids-elements. Commercial use is prohibited."
urn:cite:episteme:dorv301.euc319,"Bodleian MS D'Orville 301, folios 314 verso-315 recto.","This image is made available courtesy of the Clay Mathematical Institute: see http://www.claymath.org/euclids-elements. Commercial use is prohibited."
urn:cite:episteme:dorv301.euc320,"Bodleian MS D'Orville 301, folios 315 verso-316 recto.","This image is made available courtesy of the Clay Mathematical Institute: see http://www.claymath.org/euclids-elements. Commercial use is prohibited."
urn:cite:episteme:dorv301.euc321,"Bodleian MS D'Orville 301, folios 316 verso-317 recto.","This image is made available courtesy of the Clay Mathematical Institute: see http://www.claymath.org/euclids-elements. Commercial use is prohibited."
urn:cite:episteme:dorv301.euc322,"Bodleian MS D'Orville 301, folios 317 verso-318 recto.","This image is made available courtesy of the Clay Mathematical Institute: see http://www.claymath.org/euclids-elements. Commercial use is prohibited."
urn:cite:episteme:dorv301.euc323,"Bodleian MS D'Orville 301, folios 318 verso-319 recto.","This image is made available courtesy of the Clay Mathematical Institute: see http://www.claymath.org/euclids-elements. Commercial use is prohibited."
urn:cite:episteme:dorv301.euc324,"Bodleian MS D'Orville 301, folios 319 verso-320 recto.","This image is made available courtesy of the Clay Mathematical Institute: see http://www.claymath.org/euclids-elements. Commercial use is prohibited."
urn:cite:episteme:dorv301.euc325,"Bodleian MS D'Orville 301, folios 320 verso-321 recto.","This image is made available courtesy of the Clay Mathematical Institute: see http://www.claymath.org/euclids-elements. Commercial use is prohibited."
urn:cite:episteme:dorv301.euc326,"Bodleian MS D'Orville 301, folios 321 verso-322 recto.","This image is made available courtesy of the Clay Mathematical Institute: see http://www.claymath.org/euclids-elements. Commercial use is prohibited."
urn:cite:episteme:dorv301.euc327,"Bodleian MS D'Orville 301, folios 322 verso-323 recto.","This image is made available courtesy of the Clay Mathematical Institute: see http://www.claymath.org/euclids-elements. Commercial use is prohibited."
urn:cite:episteme:dorv301.euc328,"Bodleian MS D'Orville 301, folios 323 verso-324 recto.","This image is made available courtesy of the Clay Mathematical Institute: see http://www.claymath.org/euclids-elements. Commercial use is prohibited."
urn:cite:episteme:dorv301.euc329,"Bodleian MS D'Orville 301, folios 324 verso-325 recto.","This image is made available courtesy of the Clay Mathematical Institute: see http://www.claymath.org/euclids-elements. Commercial use is prohibited."
urn:cite:episteme:dorv301.euc330,"Bodleian MS D'Orville 301, folios 325 verso-326 recto.","This image is made available courtesy of the Clay Mathematical Institute: see http://www.claymath.org/euclids-elements. Commercial use is prohibited."
urn:cite:episteme:dorv301.euc331,"Bodleian MS D'Orville 301, folios 326 verso-327 recto.","This image is made available courtesy of the Clay Mathematical Institute: see http://www.claymath.org/euclids-elements. Commercial use is prohibited."
urn:cite:episteme:dorv301.euc332,"Bodleian MS D'Orville 301, folios 327 verso-328 recto.","This image is made available courtesy of the Clay Mathematical Institute: see http://www.claymath.org/euclids-elements. Commercial use is prohibited."
urn:cite:episteme:dorv301.euc333,"Bodleian MS D'Orville 301, folios 328 verso-329 recto.","This image is made available courtesy of the Clay Mathematical Institute: see http://www.claymath.org/euclids-elements. Commercial use is prohibited."
urn:cite:episteme:dorv301.euc334,"Bodleian MS D'Orville 301, folios 329 verso-330 recto.","This image is made available courtesy of the Clay Mathematical Institute: see http://www.claymath.org/euclids-elements. Commercial use is prohibited."
urn:cite:episteme:dorv301.euc335,"Bodleian MS D'Orville 301, folios 330 verso-331 recto.","This image is made available courtesy of the Clay Mathematical Institute: see http://www.claymath.org/euclids-elements. Commercial use is prohibited."
urn:cite:episteme:dorv301.euc336,"Bodleian MS D'Orville 301, folios 331 verso-332 recto.","This image is made available courtesy of the Clay Mathematical Institute: see http://www.claymath.org/euclids-elements. Commercial use is prohibited."
urn:cite:episteme:dorv301.euc337,"Bodleian MS D'Orville 301, folios 332 verso-333 recto.","This image is made available courtesy of the Clay Mathematical Institute: see http://www.claymath.org/euclids-elements. Commercial use is prohibited."
urn:cite:episteme:dorv301.euc338,"Bodleian MS D'Orville 301, folios 333 verso-334 recto.","This image is made available courtesy of the Clay Mathematical Institute: see http://www.claymath.org/euclids-elements. Commercial use is prohibited."
urn:cite:episteme:dorv301.euc339,"Bodleian MS D'Orville 301, folios 334 verso-335 recto.","This image is made available courtesy of the Clay Mathematical Institute: see http://www.claymath.org/euclids-elements. Commercial use is prohibited."
urn:cite:episteme:dorv301.euc340,"Bodleian MS D'Orville 301, folios 335 verso-336 recto.","This image is made available courtesy of the Clay Mathematical Institute: see http://www.claymath.org/euclids-elements. Commercial use is prohibited."
urn:cite:episteme:dorv301.euc341,"Bodleian MS D'Orville 301, folios 336 verso-337 recto.","This image is made available courtesy of the Clay Mathematical Institute: see http://www.claymath.org/euclids-elements. Commercial use is prohibited."
urn:cite:episteme:dorv301.euc342,"Bodleian MS D'Orville 301, folios 337 verso-338 recto.","This image is made available courtesy of the Clay Mathematical Institute: see http://www.claymath.org/euclids-elements. Commercial use is prohibited."
urn:cite:episteme:dorv301.euc343,"Bodleian MS D'Orville 301, folios 338 verso-339 recto.","This image is made available courtesy of the Clay Mathematical Institute: see http://www.claymath.org/euclids-elements. Commercial use is prohibited."
urn:cite:episteme:dorv301.euc344,"Bodleian MS D'Orville 301, folios 339 verso-340 recto.","This image is made available courtesy of the Clay Mathematical Institute: see http://www.claymath.org/euclids-elements. Commercial use is prohibited."
urn:cite:episteme:dorv301.euc345,"Bodleian MS D'Orville 301, folios 340 verso-341 recto.","This image is made available courtesy of the Clay Mathematical Institute: see http://www.claymath.org/euclids-elements. Commercial use is prohibited."
urn:cite:episteme:dorv301.euc346,"Bodleian MS D'Orville 301, folios 341 verso-342 recto.","This image is made available courtesy of the Clay Mathematical Institute: see http://www.claymath.org/euclids-elements. Commercial use is prohibited."
urn:cite:episteme:dorv301.euc347,"Bodleian MS D'Orville 301, folios 342 verso-343 recto.","This image is made available courtesy of the Clay Mathematical Institute: see http://www.claymath.org/euclids-elements. Commercial use is prohibited."
urn:cite:episteme:dorv301.euc348,"Bodleian MS D'Orville 301, folios 343 verso-344 recto.","This image is made available courtesy of the Clay Mathematical Institute: see http://www.claymath.org/euclids-elements. Commercial use is prohibited."
urn:cite:episteme:dorv301.euc349,"Bodleian MS D'Orville 301, folios 344 verso-345 recto.","This image is made available courtesy of the Clay Mathematical Institute: see http://www.claymath.org/euclids-elements. Commercial use is prohibited."
urn:cite:episteme:dorv301.euc350,"Bodleian MS D'Orville 301, folios 345 verso-346 recto.","This image is made available courtesy of the Clay Mathematical Institute: see http://www.claymath.org/euclids-elements. Commercial use is prohibited."
urn:cite:episteme:dorv301.euc351,"Bodleian MS D'Orville 301, folios 346 verso-347 recto.","This image is made available courtesy of the Clay Mathematical Institute: see http://www.claymath.org/euclids-elements. Commercial use is prohibited."
urn:cite:episteme:dorv301.euc352,"Bodleian MS D'Orville 301, folios 347 verso-348 recto.","This image is made available courtesy of the Clay Mathematical Institute: see http://www.claymath.org/euclids-elements. Commercial use is prohibited."
urn:cite:episteme:dorv301.euc353,"Bodleian MS D'Orville 301, folios 348 verso-349 recto.","This image is made available courtesy of the Clay Mathematical Institute: see http://www.claymath.org/euclids-elements. Commercial use is prohibited."
urn:cite:episteme:dorv301.euc354,"Bodleian MS D'Orville 301, folios 349 verso-350 recto.","This image is made available courtesy of the Clay Mathematical Institute: see http://www.claymath.org/euclids-elements. Commercial use is prohibited."
urn:cite:episteme:dorv301.euc355,"Bodleian MS D'Orville 301, folios 350 verso-351 recto.","This image is made available courtesy of the Clay Mathematical Institute: see http://www.claymath.org/euclids-elements. Commercial use is prohibited."
urn:cite:episteme:dorv301.euc356,"Bodleian MS D'Orville 301, folios 351 verso-352 recto.","This image is made available courtesy of the Clay Mathematical Institute: see http://www.claymath.org/euclids-elements. Commercial use is prohibited."
urn:cite:episteme:dorv301.euc357,"Bodleian MS D'Orville 301, folios 352 verso-353 recto.","This image is made available courtesy of the Clay Mathematical Institute: see http://www.claymath.org/euclids-elements. Commercial use is prohibited."
urn:cite:episteme:dorv301.euc358,"Bodleian MS D'Orville 301, folios 353 verso-354 recto.","This image is made available courtesy of the Clay Mathematical Institute: see http://www.claymath.org/euclids-elements. Commercial use is prohibited."
urn:cite:episteme:dorv301.euc359,"Bodleian MS D'Orville 301, folios 354 verso-355 recto.","This image is made available courtesy of the Clay Mathematical Institute: see http://www.claymath.org/euclids-elements. Commercial use is prohibited."
