Page,Sequence,DefaultImage
urn:cite:episteme:muncg212.front_cover,1,urn:cite:ecod:muncg212img.MunCG212-page2
urn:cite:episteme:muncg212.inside_front_cover,2,urn:cite:ecod:muncg212img.MunCG212-page3
urn:cite:episteme:muncg212.i_r,3,urn:cite:ecod:muncg212img.MunCG212-page4
urn:cite:episteme:muncg212.i_v,4,urn:cite:ecod:muncg212img.MunCG212-page5
urn:cite:episteme:muncg212.1r,5,urn:cite:ecod:muncg212img.MunCG212-page6
urn:cite:episteme:muncg212.1v,6,urn:cite:ecod:muncg212img.MunCG212-page7
urn:cite:episteme:muncg212.2r,7,urn:cite:ecod:muncg212img.MunCG212-page8
urn:cite:episteme:muncg212.2v,8,urn:cite:ecod:muncg212img.MunCG212-page9
urn:cite:episteme:muncg212.3r,9,urn:cite:ecod:muncg212img.MunCG212-page10
urn:cite:episteme:muncg212.3v,10,urn:cite:ecod:muncg212img.MunCG212-page11
urn:cite:episteme:muncg212.4r,11,urn:cite:ecod:muncg212img.MunCG212-page12
urn:cite:episteme:muncg212.4v,12,urn:cite:ecod:muncg212img.MunCG212-page13
urn:cite:episteme:muncg212.5r,13,urn:cite:ecod:muncg212img.MunCG212-page14
urn:cite:episteme:muncg212.5v,14,urn:cite:ecod:muncg212img.MunCG212-page15
urn:cite:episteme:muncg212.6r,15,urn:cite:ecod:muncg212img.MunCG212-page16
urn:cite:episteme:muncg212.6v,16,urn:cite:ecod:muncg212img.MunCG212-page17
urn:cite:episteme:muncg212.7r,17,urn:cite:ecod:muncg212img.MunCG212-page18
urn:cite:episteme:muncg212.7v,18,urn:cite:ecod:muncg212img.MunCG212-page19
urn:cite:episteme:muncg212.8r,19,urn:cite:ecod:muncg212img.MunCG212-page20
urn:cite:episteme:muncg212.8v,20,urn:cite:ecod:muncg212img.MunCG212-page21
urn:cite:episteme:muncg212.9r,21,urn:cite:ecod:muncg212img.MunCG212-page22
urn:cite:episteme:muncg212.9v,22,urn:cite:ecod:muncg212img.MunCG212-page23
urn:cite:episteme:muncg212.10r,23,urn:cite:ecod:muncg212img.MunCG212-page24
urn:cite:episteme:muncg212.10v,24,urn:cite:ecod:muncg212img.MunCG212-page25
urn:cite:episteme:muncg212.11r,25,urn:cite:ecod:muncg212img.MunCG212-page26
urn:cite:episteme:muncg212.11v,26,urn:cite:ecod:muncg212img.MunCG212-page27
urn:cite:episteme:muncg212.12r,27,urn:cite:ecod:muncg212img.MunCG212-page28
urn:cite:episteme:muncg212.12v,28,urn:cite:ecod:muncg212img.MunCG212-page29
urn:cite:episteme:muncg212.13r,29,urn:cite:ecod:muncg212img.MunCG212-page30
urn:cite:episteme:muncg212.13v,30,urn:cite:ecod:muncg212img.MunCG212-page31
urn:cite:episteme:muncg212.14r,31,urn:cite:ecod:muncg212img.MunCG212-page32
urn:cite:episteme:muncg212.14v,32,urn:cite:ecod:muncg212img.MunCG212-page33
urn:cite:episteme:muncg212.15r,33,urn:cite:ecod:muncg212img.MunCG212-page34
urn:cite:episteme:muncg212.15v,34,urn:cite:ecod:muncg212img.MunCG212-page35
urn:cite:episteme:muncg212.16r,35,urn:cite:ecod:muncg212img.MunCG212-page36
urn:cite:episteme:muncg212.16v,36,urn:cite:ecod:muncg212img.MunCG212-page37
urn:cite:episteme:muncg212.17r,37,urn:cite:ecod:muncg212img.MunCG212-page38
urn:cite:episteme:muncg212.17v,38,urn:cite:ecod:muncg212img.MunCG212-page39
urn:cite:episteme:muncg212.18r,39,urn:cite:ecod:muncg212img.MunCG212-page40
urn:cite:episteme:muncg212.18v,40,urn:cite:ecod:muncg212img.MunCG212-page41
urn:cite:episteme:muncg212.19r,41,urn:cite:ecod:muncg212img.MunCG212-page42
urn:cite:episteme:muncg212.19v,42,urn:cite:ecod:muncg212img.MunCG212-page43
urn:cite:episteme:muncg212.20r,43,urn:cite:ecod:muncg212img.MunCG212-page44
urn:cite:episteme:muncg212.20v,44,urn:cite:ecod:muncg212img.MunCG212-page45
urn:cite:episteme:muncg212.21r,45,urn:cite:ecod:muncg212img.MunCG212-page46
urn:cite:episteme:muncg212.21v,46,urn:cite:ecod:muncg212img.MunCG212-page47
urn:cite:episteme:muncg212.22r,47,urn:cite:ecod:muncg212img.MunCG212-page48
urn:cite:episteme:muncg212.22v,48,urn:cite:ecod:muncg212img.MunCG212-page49
urn:cite:episteme:muncg212.23r,49,urn:cite:ecod:muncg212img.MunCG212-page50
urn:cite:episteme:muncg212.23v,50,urn:cite:ecod:muncg212img.MunCG212-page51
urn:cite:episteme:muncg212.24r,51,urn:cite:ecod:muncg212img.MunCG212-page52
urn:cite:episteme:muncg212.24v,52,urn:cite:ecod:muncg212img.MunCG212-page53
urn:cite:episteme:muncg212.25r,53,urn:cite:ecod:muncg212img.MunCG212-page54
urn:cite:episteme:muncg212.25v,54,urn:cite:ecod:muncg212img.MunCG212-page55
urn:cite:episteme:muncg212.26r,55,urn:cite:ecod:muncg212img.MunCG212-page56
urn:cite:episteme:muncg212.26v,56,urn:cite:ecod:muncg212img.MunCG212-page57
urn:cite:episteme:muncg212.27r,57,urn:cite:ecod:muncg212img.MunCG212-page58
urn:cite:episteme:muncg212.27v,58,urn:cite:ecod:muncg212img.MunCG212-page59
urn:cite:episteme:muncg212.28r,59,urn:cite:ecod:muncg212img.MunCG212-page60
urn:cite:episteme:muncg212.28v,60,urn:cite:ecod:muncg212img.MunCG212-page61
urn:cite:episteme:muncg212.29r,61,urn:cite:ecod:muncg212img.MunCG212-page62
urn:cite:episteme:muncg212.29v,62,urn:cite:ecod:muncg212img.MunCG212-page63
urn:cite:episteme:muncg212.30r,63,urn:cite:ecod:muncg212img.MunCG212-page64
urn:cite:episteme:muncg212.30v,64,urn:cite:ecod:muncg212img.MunCG212-page65
urn:cite:episteme:muncg212.31r,65,urn:cite:ecod:muncg212img.MunCG212-page66
urn:cite:episteme:muncg212.31v,66,urn:cite:ecod:muncg212img.MunCG212-page67
urn:cite:episteme:muncg212.32r,67,urn:cite:ecod:muncg212img.MunCG212-page68
urn:cite:episteme:muncg212.32v,68,urn:cite:ecod:muncg212img.MunCG212-page69
urn:cite:episteme:muncg212.33r,69,urn:cite:ecod:muncg212img.MunCG212-page70
urn:cite:episteme:muncg212.33v,70,urn:cite:ecod:muncg212img.MunCG212-page71
urn:cite:episteme:muncg212.34r,71,urn:cite:ecod:muncg212img.MunCG212-page72
urn:cite:episteme:muncg212.34v,72,urn:cite:ecod:muncg212img.MunCG212-page73
urn:cite:episteme:muncg212.35r,73,urn:cite:ecod:muncg212img.MunCG212-page74
urn:cite:episteme:muncg212.35v,74,urn:cite:ecod:muncg212img.MunCG212-page75
urn:cite:episteme:muncg212.36r,75,urn:cite:ecod:muncg212img.MunCG212-page76
urn:cite:episteme:muncg212.36v,76,urn:cite:ecod:muncg212img.MunCG212-page77
urn:cite:episteme:muncg212.37r,77,urn:cite:ecod:muncg212img.MunCG212-page78
urn:cite:episteme:muncg212.37v,78,urn:cite:ecod:muncg212img.MunCG212-page79
urn:cite:episteme:muncg212.38r,79,urn:cite:ecod:muncg212img.MunCG212-page80
urn:cite:episteme:muncg212.38v,80,urn:cite:ecod:muncg212img.MunCG212-page81
urn:cite:episteme:muncg212.39r,81,urn:cite:ecod:muncg212img.MunCG212-page82
urn:cite:episteme:muncg212.39v,82,urn:cite:ecod:muncg212img.MunCG212-page83
urn:cite:episteme:muncg212.40r,83,urn:cite:ecod:muncg212img.MunCG212-page84
urn:cite:episteme:muncg212.40v,84,urn:cite:ecod:muncg212img.MunCG212-page85
urn:cite:episteme:muncg212.41r,85,urn:cite:ecod:muncg212img.MunCG212-page86
urn:cite:episteme:muncg212.41v,86,urn:cite:ecod:muncg212img.MunCG212-page87
urn:cite:episteme:muncg212.42r,87,urn:cite:ecod:muncg212img.MunCG212-page88
urn:cite:episteme:muncg212.42v,88,urn:cite:ecod:muncg212img.MunCG212-page89
urn:cite:episteme:muncg212.43r,89,urn:cite:ecod:muncg212img.MunCG212-page90
urn:cite:episteme:muncg212.43v,90,urn:cite:ecod:muncg212img.MunCG212-page91
urn:cite:episteme:muncg212.44r,91,urn:cite:ecod:muncg212img.MunCG212-page92
urn:cite:episteme:muncg212.44v,92,urn:cite:ecod:muncg212img.MunCG212-page93
urn:cite:episteme:muncg212.45r,93,urn:cite:ecod:muncg212img.MunCG212-page94
urn:cite:episteme:muncg212.45v,94,urn:cite:ecod:muncg212img.MunCG212-page95
urn:cite:episteme:muncg212.46r,95,urn:cite:ecod:muncg212img.MunCG212-page96
urn:cite:episteme:muncg212.46v,96,urn:cite:ecod:muncg212img.MunCG212-page97
urn:cite:episteme:muncg212.47r,97,urn:cite:ecod:muncg212img.MunCG212-page98
urn:cite:episteme:muncg212.47v,98,urn:cite:ecod:muncg212img.MunCG212-page99
urn:cite:episteme:muncg212.48r,99,urn:cite:ecod:muncg212img.MunCG212-page100
urn:cite:episteme:muncg212.48v,100,urn:cite:ecod:muncg212img.MunCG212-page101
urn:cite:episteme:muncg212.49r,101,urn:cite:ecod:muncg212img.MunCG212-page102
urn:cite:episteme:muncg212.49v,102,urn:cite:ecod:muncg212img.MunCG212-page103
urn:cite:episteme:muncg212.50r,103,urn:cite:ecod:muncg212img.MunCG212-page104
urn:cite:episteme:muncg212.50v,104,urn:cite:ecod:muncg212img.MunCG212-page105
urn:cite:episteme:muncg212.51r,105,urn:cite:ecod:muncg212img.MunCG212-page106
urn:cite:episteme:muncg212.51v,106,urn:cite:ecod:muncg212img.MunCG212-page107
urn:cite:episteme:muncg212.52r,107,urn:cite:ecod:muncg212img.MunCG212-page108
urn:cite:episteme:muncg212.52v,108,urn:cite:ecod:muncg212img.MunCG212-page109
urn:cite:episteme:muncg212.53r,109,urn:cite:ecod:muncg212img.MunCG212-page110
urn:cite:episteme:muncg212.53v,110,urn:cite:ecod:muncg212img.MunCG212-page111
urn:cite:episteme:muncg212.54r,111,urn:cite:ecod:muncg212img.MunCG212-page112
urn:cite:episteme:muncg212.54v,112,urn:cite:ecod:muncg212img.MunCG212-page113
urn:cite:episteme:muncg212.55r,113,urn:cite:ecod:muncg212img.MunCG212-page114
urn:cite:episteme:muncg212.55v,114,urn:cite:ecod:muncg212img.MunCG212-page115
urn:cite:episteme:muncg212.56r,115,urn:cite:ecod:muncg212img.MunCG212-page116
urn:cite:episteme:muncg212.56v,116,urn:cite:ecod:muncg212img.MunCG212-page117
urn:cite:episteme:muncg212.57r,117,urn:cite:ecod:muncg212img.MunCG212-page118
urn:cite:episteme:muncg212.57v,118,urn:cite:ecod:muncg212img.MunCG212-page119
urn:cite:episteme:muncg212.58r,119,urn:cite:ecod:muncg212img.MunCG212-page120
urn:cite:episteme:muncg212.58v,120,urn:cite:ecod:muncg212img.MunCG212-page121
urn:cite:episteme:muncg212.59r,121,urn:cite:ecod:muncg212img.MunCG212-page122
urn:cite:episteme:muncg212.59v,122,urn:cite:ecod:muncg212img.MunCG212-page123
urn:cite:episteme:muncg212.60r,123,urn:cite:ecod:muncg212img.MunCG212-page124
urn:cite:episteme:muncg212.60v,124,urn:cite:ecod:muncg212img.MunCG212-page125
urn:cite:episteme:muncg212.61r,125,urn:cite:ecod:muncg212img.MunCG212-page126
urn:cite:episteme:muncg212.61v,126,urn:cite:ecod:muncg212img.MunCG212-page127
urn:cite:episteme:muncg212.62r,127,urn:cite:ecod:muncg212img.MunCG212-page128
urn:cite:episteme:muncg212.62v,128,urn:cite:ecod:muncg212img.MunCG212-page129
urn:cite:episteme:muncg212.63r,129,urn:cite:ecod:muncg212img.MunCG212-page130
urn:cite:episteme:muncg212.63v,130,urn:cite:ecod:muncg212img.MunCG212-page131
urn:cite:episteme:muncg212.64r,131,urn:cite:ecod:muncg212img.MunCG212-page132
urn:cite:episteme:muncg212.64v,132,urn:cite:ecod:muncg212img.MunCG212-page133
urn:cite:episteme:muncg212.65r,133,urn:cite:ecod:muncg212img.MunCG212-page134
urn:cite:episteme:muncg212.65v,134,urn:cite:ecod:muncg212img.MunCG212-page135
urn:cite:episteme:muncg212.66r,135,urn:cite:ecod:muncg212img.MunCG212-page136
urn:cite:episteme:muncg212.66v,136,urn:cite:ecod:muncg212img.MunCG212-page137
urn:cite:episteme:muncg212.67r,137,urn:cite:ecod:muncg212img.MunCG212-page138
urn:cite:episteme:muncg212.67v,138,urn:cite:ecod:muncg212img.MunCG212-page139
urn:cite:episteme:muncg212.68r,139,urn:cite:ecod:muncg212img.MunCG212-page140
urn:cite:episteme:muncg212.68v,140,urn:cite:ecod:muncg212img.MunCG212-page141
urn:cite:episteme:muncg212.69r,141,urn:cite:ecod:muncg212img.MunCG212-page142
urn:cite:episteme:muncg212.69v,142,urn:cite:ecod:muncg212img.MunCG212-page143
urn:cite:episteme:muncg212.70r,143,urn:cite:ecod:muncg212img.MunCG212-page144
urn:cite:episteme:muncg212.70v,144,urn:cite:ecod:muncg212img.MunCG212-page145
urn:cite:episteme:muncg212.71r,145,urn:cite:ecod:muncg212img.MunCG212-page146
urn:cite:episteme:muncg212.71v,146,urn:cite:ecod:muncg212img.MunCG212-page147
urn:cite:episteme:muncg212.72r,147,urn:cite:ecod:muncg212img.MunCG212-page148
urn:cite:episteme:muncg212.72v,148,urn:cite:ecod:muncg212img.MunCG212-page149
urn:cite:episteme:muncg212.73r,149,urn:cite:ecod:muncg212img.MunCG212-page150
urn:cite:episteme:muncg212.73v,150,urn:cite:ecod:muncg212img.MunCG212-page151
urn:cite:episteme:muncg212.74r,151,urn:cite:ecod:muncg212img.MunCG212-page152
urn:cite:episteme:muncg212.74v,152,urn:cite:ecod:muncg212img.MunCG212-page153
urn:cite:episteme:muncg212.75r,153,urn:cite:ecod:muncg212img.MunCG212-page154
urn:cite:episteme:muncg212.75v,154,urn:cite:ecod:muncg212img.MunCG212-page155
urn:cite:episteme:muncg212.76r,155,urn:cite:ecod:muncg212img.MunCG212-page156
urn:cite:episteme:muncg212.76v,156,urn:cite:ecod:muncg212img.MunCG212-page157
urn:cite:episteme:muncg212.77r,157,urn:cite:ecod:muncg212img.MunCG212-page158
urn:cite:episteme:muncg212.77v,158,urn:cite:ecod:muncg212img.MunCG212-page159
urn:cite:episteme:muncg212.78r,159,urn:cite:ecod:muncg212img.MunCG212-page160
urn:cite:episteme:muncg212.78v,160,urn:cite:ecod:muncg212img.MunCG212-page161
urn:cite:episteme:muncg212.79r,161,urn:cite:ecod:muncg212img.MunCG212-page162
urn:cite:episteme:muncg212.79v,162,urn:cite:ecod:muncg212img.MunCG212-page163
urn:cite:episteme:muncg212.80r,163,urn:cite:ecod:muncg212img.MunCG212-page164
urn:cite:episteme:muncg212.80v,164,urn:cite:ecod:muncg212img.MunCG212-page165
urn:cite:episteme:muncg212.81r,165,urn:cite:ecod:muncg212img.MunCG212-page166
urn:cite:episteme:muncg212.81v,166,urn:cite:ecod:muncg212img.MunCG212-page167
urn:cite:episteme:muncg212.82r,167,urn:cite:ecod:muncg212img.MunCG212-page168
urn:cite:episteme:muncg212.82v,168,urn:cite:ecod:muncg212img.MunCG212-page169
urn:cite:episteme:muncg212.83r,169,urn:cite:ecod:muncg212img.MunCG212-page170
urn:cite:episteme:muncg212.83v,170,urn:cite:ecod:muncg212img.MunCG212-page171
urn:cite:episteme:muncg212.84r,171,urn:cite:ecod:muncg212img.MunCG212-page172
urn:cite:episteme:muncg212.84v,172,urn:cite:ecod:muncg212img.MunCG212-page173
urn:cite:episteme:muncg212.85r,173,urn:cite:ecod:muncg212img.MunCG212-page174
urn:cite:episteme:muncg212.85v,174,urn:cite:ecod:muncg212img.MunCG212-page175
urn:cite:episteme:muncg212.86r,175,urn:cite:ecod:muncg212img.MunCG212-page176
urn:cite:episteme:muncg212.86v,176,urn:cite:ecod:muncg212img.MunCG212-page177
urn:cite:episteme:muncg212.87r,177,urn:cite:ecod:muncg212img.MunCG212-page178
urn:cite:episteme:muncg212.87v,178,urn:cite:ecod:muncg212img.MunCG212-page179
urn:cite:episteme:muncg212.88r,179,urn:cite:ecod:muncg212img.MunCG212-page180
urn:cite:episteme:muncg212.88v,180,urn:cite:ecod:muncg212img.MunCG212-page181
urn:cite:episteme:muncg212.89r,181,urn:cite:ecod:muncg212img.MunCG212-page182
urn:cite:episteme:muncg212.89v,182,urn:cite:ecod:muncg212img.MunCG212-page183
urn:cite:episteme:muncg212.90r,183,urn:cite:ecod:muncg212img.MunCG212-page184
urn:cite:episteme:muncg212.90v,184,urn:cite:ecod:muncg212img.MunCG212-page185
urn:cite:episteme:muncg212.91r,185,urn:cite:ecod:muncg212img.MunCG212-page186
urn:cite:episteme:muncg212.91v,186,urn:cite:ecod:muncg212img.MunCG212-page187
urn:cite:episteme:muncg212.92r,187,urn:cite:ecod:muncg212img.MunCG212-page188
urn:cite:episteme:muncg212.92v,188,urn:cite:ecod:muncg212img.MunCG212-page189
urn:cite:episteme:muncg212.93r,189,urn:cite:ecod:muncg212img.MunCG212-page190
urn:cite:episteme:muncg212.93v,190,urn:cite:ecod:muncg212img.MunCG212-page191
urn:cite:episteme:muncg212.94r,191,urn:cite:ecod:muncg212img.MunCG212-page192
urn:cite:episteme:muncg212.94v,192,urn:cite:ecod:muncg212img.MunCG212-page193
urn:cite:episteme:muncg212.95r,193,urn:cite:ecod:muncg212img.MunCG212-page194
urn:cite:episteme:muncg212.95v,194,urn:cite:ecod:muncg212img.MunCG212-page195
urn:cite:episteme:muncg212.96r,195,urn:cite:ecod:muncg212img.MunCG212-page196
urn:cite:episteme:muncg212.96v,196,urn:cite:ecod:muncg212img.MunCG212-page197
urn:cite:episteme:muncg212.97r,197,urn:cite:ecod:muncg212img.MunCG212-page198
urn:cite:episteme:muncg212.97v,198,urn:cite:ecod:muncg212img.MunCG212-page199
urn:cite:episteme:muncg212.98r,199,urn:cite:ecod:muncg212img.MunCG212-page200
urn:cite:episteme:muncg212.98v,200,urn:cite:ecod:muncg212img.MunCG212-page201
urn:cite:episteme:muncg212.99r,201,urn:cite:ecod:muncg212img.MunCG212-page202
urn:cite:episteme:muncg212.99v,202,urn:cite:ecod:muncg212img.MunCG212-page203
urn:cite:episteme:muncg212.100r,203,urn:cite:ecod:muncg212img.MunCG212-page204
urn:cite:episteme:muncg212.100v,204,urn:cite:ecod:muncg212img.MunCG212-page205
urn:cite:episteme:muncg212.101r,205,urn:cite:ecod:muncg212img.MunCG212-page206
urn:cite:episteme:muncg212.101v,206,urn:cite:ecod:muncg212img.MunCG212-page207
urn:cite:episteme:muncg212.102r,207,urn:cite:ecod:muncg212img.MunCG212-page208
urn:cite:episteme:muncg212.102v,208,urn:cite:ecod:muncg212img.MunCG212-page209
urn:cite:episteme:muncg212.103r,209,urn:cite:ecod:muncg212img.MunCG212-page210
urn:cite:episteme:muncg212.103v,210,urn:cite:ecod:muncg212img.MunCG212-page211
urn:cite:episteme:muncg212.104r,211,urn:cite:ecod:muncg212img.MunCG212-page212
urn:cite:episteme:muncg212.104v,212,urn:cite:ecod:muncg212img.MunCG212-page213
urn:cite:episteme:muncg212.105r,213,urn:cite:ecod:muncg212img.MunCG212-page214
urn:cite:episteme:muncg212.105v,214,urn:cite:ecod:muncg212img.MunCG212-page215
urn:cite:episteme:muncg212.106r,215,urn:cite:ecod:muncg212img.MunCG212-page216
urn:cite:episteme:muncg212.106v,216,urn:cite:ecod:muncg212img.MunCG212-page217
urn:cite:episteme:muncg212.107r,217,urn:cite:ecod:muncg212img.MunCG212-page218
urn:cite:episteme:muncg212.107v,218,urn:cite:ecod:muncg212img.MunCG212-page219
urn:cite:episteme:muncg212.108r,219,urn:cite:ecod:muncg212img.MunCG212-page220
urn:cite:episteme:muncg212.108v,220,urn:cite:ecod:muncg212img.MunCG212-page221
urn:cite:episteme:muncg212.109r,221,urn:cite:ecod:muncg212img.MunCG212-page222
urn:cite:episteme:muncg212.109v,222,urn:cite:ecod:muncg212img.MunCG212-page223
urn:cite:episteme:muncg212.110r,223,urn:cite:ecod:muncg212img.MunCG212-page224
urn:cite:episteme:muncg212.110v,224,urn:cite:ecod:muncg212img.MunCG212-page225
urn:cite:episteme:muncg212.111r,225,urn:cite:ecod:muncg212img.MunCG212-page226
urn:cite:episteme:muncg212.111v,226,urn:cite:ecod:muncg212img.MunCG212-page227
urn:cite:episteme:muncg212.112r,227,urn:cite:ecod:muncg212img.MunCG212-page228
urn:cite:episteme:muncg212.112v,228,urn:cite:ecod:muncg212img.MunCG212-page229
urn:cite:episteme:muncg212.113r,229,urn:cite:ecod:muncg212img.MunCG212-page230
urn:cite:episteme:muncg212.113v,230,urn:cite:ecod:muncg212img.MunCG212-page231
urn:cite:episteme:muncg212.114r,231,urn:cite:ecod:muncg212img.MunCG212-page232
urn:cite:episteme:muncg212.114v,232,urn:cite:ecod:muncg212img.MunCG212-page233
urn:cite:episteme:muncg212.115r,233,urn:cite:ecod:muncg212img.MunCG212-page234
urn:cite:episteme:muncg212.115v,234,urn:cite:ecod:muncg212img.MunCG212-page235
urn:cite:episteme:muncg212.116r,235,urn:cite:ecod:muncg212img.MunCG212-page236
urn:cite:episteme:muncg212.116v,236,urn:cite:ecod:muncg212img.MunCG212-page237
urn:cite:episteme:muncg212.117r,237,urn:cite:ecod:muncg212img.MunCG212-page238
urn:cite:episteme:muncg212.117v,238,urn:cite:ecod:muncg212img.MunCG212-page239
urn:cite:episteme:muncg212.118r,239,urn:cite:ecod:muncg212img.MunCG212-page240
urn:cite:episteme:muncg212.118v,240,urn:cite:ecod:muncg212img.MunCG212-page241
urn:cite:episteme:muncg212.119r,241,urn:cite:ecod:muncg212img.MunCG212-page242
urn:cite:episteme:muncg212.119v,242,urn:cite:ecod:muncg212img.MunCG212-page243
urn:cite:episteme:muncg212.120r,243,urn:cite:ecod:muncg212img.MunCG212-page244
urn:cite:episteme:muncg212.120v,244,urn:cite:ecod:muncg212img.MunCG212-page245
urn:cite:episteme:muncg212.121r,245,urn:cite:ecod:muncg212img.MunCG212-page246
urn:cite:episteme:muncg212.121v,246,urn:cite:ecod:muncg212img.MunCG212-page247
urn:cite:episteme:muncg212.122r,247,urn:cite:ecod:muncg212img.MunCG212-page248
urn:cite:episteme:muncg212.122v,248,urn:cite:ecod:muncg212img.MunCG212-page249
urn:cite:episteme:muncg212.123r,249,urn:cite:ecod:muncg212img.MunCG212-page250
urn:cite:episteme:muncg212.123v,250,urn:cite:ecod:muncg212img.MunCG212-page251
urn:cite:episteme:muncg212.124r,251,urn:cite:ecod:muncg212img.MunCG212-page252
urn:cite:episteme:muncg212.124v,252,urn:cite:ecod:muncg212img.MunCG212-page253
urn:cite:episteme:muncg212.125r,253,urn:cite:ecod:muncg212img.MunCG212-page254
urn:cite:episteme:muncg212.125v,254,urn:cite:ecod:muncg212img.MunCG212-page255
urn:cite:episteme:muncg212.126r,255,urn:cite:ecod:muncg212img.MunCG212-page256
urn:cite:episteme:muncg212.126v,256,urn:cite:ecod:muncg212img.MunCG212-page257
urn:cite:episteme:muncg212.127r,257,urn:cite:ecod:muncg212img.MunCG212-page258
urn:cite:episteme:muncg212.127v,258,urn:cite:ecod:muncg212img.MunCG212-page259
urn:cite:episteme:muncg212.128r,259,urn:cite:ecod:muncg212img.MunCG212-page260
urn:cite:episteme:muncg212.128v,260,urn:cite:ecod:muncg212img.MunCG212-page261
urn:cite:episteme:muncg212.129r,261,urn:cite:ecod:muncg212img.MunCG212-page262
urn:cite:episteme:muncg212.129v,262,urn:cite:ecod:muncg212img.MunCG212-page263
urn:cite:episteme:muncg212.130r,263,urn:cite:ecod:muncg212img.MunCG212-page264
urn:cite:episteme:muncg212.130v,264,urn:cite:ecod:muncg212img.MunCG212-page265
urn:cite:episteme:muncg212.131r,265,urn:cite:ecod:muncg212img.MunCG212-page266
urn:cite:episteme:muncg212.131v,266,urn:cite:ecod:muncg212img.MunCG212-page267
urn:cite:episteme:muncg212.132r,267,urn:cite:ecod:muncg212img.MunCG212-page268
urn:cite:episteme:muncg212.132v,268,urn:cite:ecod:muncg212img.MunCG212-page269
urn:cite:episteme:muncg212.133r,269,urn:cite:ecod:muncg212img.MunCG212-page270
urn:cite:episteme:muncg212.133v,270,urn:cite:ecod:muncg212img.MunCG212-page271
urn:cite:episteme:muncg212.134r,271,urn:cite:ecod:muncg212img.MunCG212-page272
urn:cite:episteme:muncg212.134v,272,urn:cite:ecod:muncg212img.MunCG212-page273
urn:cite:episteme:muncg212.135r,273,urn:cite:ecod:muncg212img.MunCG212-page274
urn:cite:episteme:muncg212.135v,274,urn:cite:ecod:muncg212img.MunCG212-page275
urn:cite:episteme:muncg212.136r,275,urn:cite:ecod:muncg212img.MunCG212-page276
urn:cite:episteme:muncg212.136v,276,urn:cite:ecod:muncg212img.MunCG212-page277
urn:cite:episteme:muncg212.137r,277,urn:cite:ecod:muncg212img.MunCG212-page278
urn:cite:episteme:muncg212.137v,278,urn:cite:ecod:muncg212img.MunCG212-page279
urn:cite:episteme:muncg212.138r,279,urn:cite:ecod:muncg212img.MunCG212-page280
urn:cite:episteme:muncg212.138v,280,urn:cite:ecod:muncg212img.MunCG212-page281
urn:cite:episteme:muncg212.139r,281,urn:cite:ecod:muncg212img.MunCG212-page282
urn:cite:episteme:muncg212.139v,282,urn:cite:ecod:muncg212img.MunCG212-page283
urn:cite:episteme:muncg212.140r,283,urn:cite:ecod:muncg212img.MunCG212-page284
urn:cite:episteme:muncg212.140v,284,urn:cite:ecod:muncg212img.MunCG212-page285
urn:cite:episteme:muncg212.141r,285,urn:cite:ecod:muncg212img.MunCG212-page286
urn:cite:episteme:muncg212.141v,286,urn:cite:ecod:muncg212img.MunCG212-page287
urn:cite:episteme:muncg212.142r,287,urn:cite:ecod:muncg212img.MunCG212-page288
urn:cite:episteme:muncg212.142v,288,urn:cite:ecod:muncg212img.MunCG212-page289
urn:cite:episteme:muncg212.143r,289,urn:cite:ecod:muncg212img.MunCG212-page290
urn:cite:episteme:muncg212.143v,290,urn:cite:ecod:muncg212img.MunCG212-page291
urn:cite:episteme:muncg212.144r,291,urn:cite:ecod:muncg212img.MunCG212-page292
urn:cite:episteme:muncg212.144v,292,urn:cite:ecod:muncg212img.MunCG212-page293
urn:cite:episteme:muncg212.145r,293,urn:cite:ecod:muncg212img.MunCG212-page294
urn:cite:episteme:muncg212.145v,294,urn:cite:ecod:muncg212img.MunCG212-page295
urn:cite:episteme:muncg212.146r,295,urn:cite:ecod:muncg212img.MunCG212-page296
urn:cite:episteme:muncg212.146v,296,urn:cite:ecod:muncg212img.MunCG212-page297
urn:cite:episteme:muncg212.147r,297,urn:cite:ecod:muncg212img.MunCG212-page298
urn:cite:episteme:muncg212.147v,298,urn:cite:ecod:muncg212img.MunCG212-page299
urn:cite:episteme:muncg212.148r,299,urn:cite:ecod:muncg212img.MunCG212-page300
urn:cite:episteme:muncg212.148v,300,urn:cite:ecod:muncg212img.MunCG212-page301
urn:cite:episteme:muncg212.149r,301,urn:cite:ecod:muncg212img.MunCG212-page302
urn:cite:episteme:muncg212.149v,302,urn:cite:ecod:muncg212img.MunCG212-page303
urn:cite:episteme:muncg212.150r,303,urn:cite:ecod:muncg212img.MunCG212-page304
urn:cite:episteme:muncg212.150v,304,urn:cite:ecod:muncg212img.MunCG212-page305
urn:cite:episteme:muncg212.151r,305,urn:cite:ecod:muncg212img.MunCG212-page306
urn:cite:episteme:muncg212.151v,306,urn:cite:ecod:muncg212img.MunCG212-page307
urn:cite:episteme:muncg212.152r,307,urn:cite:ecod:muncg212img.MunCG212-page308
urn:cite:episteme:muncg212.152v,308,urn:cite:ecod:muncg212img.MunCG212-page309
urn:cite:episteme:muncg212.153r,309,urn:cite:ecod:muncg212img.MunCG212-page310
urn:cite:episteme:muncg212.153v,310,urn:cite:ecod:muncg212img.MunCG212-page311
urn:cite:episteme:muncg212.154r,311,urn:cite:ecod:muncg212img.MunCG212-page312
urn:cite:episteme:muncg212.154v,312,urn:cite:ecod:muncg212img.MunCG212-page313
urn:cite:episteme:muncg212.155r,313,urn:cite:ecod:muncg212img.MunCG212-page314
urn:cite:episteme:muncg212.155v,314,urn:cite:ecod:muncg212img.MunCG212-page315
urn:cite:episteme:muncg212.156r,315,urn:cite:ecod:muncg212img.MunCG212-page316
urn:cite:episteme:muncg212.156v,316,urn:cite:ecod:muncg212img.MunCG212-page317
urn:cite:episteme:muncg212.157r,317,urn:cite:ecod:muncg212img.MunCG212-page318
urn:cite:episteme:muncg212.157v,318,urn:cite:ecod:muncg212img.MunCG212-page319
urn:cite:episteme:muncg212.158r,319,urn:cite:ecod:muncg212img.MunCG212-page320
urn:cite:episteme:muncg212.158v,320,urn:cite:ecod:muncg212img.MunCG212-page321
urn:cite:episteme:muncg212.159r,321,urn:cite:ecod:muncg212img.MunCG212-page322
urn:cite:episteme:muncg212.159v,322,urn:cite:ecod:muncg212img.MunCG212-page323
urn:cite:episteme:muncg212.160r,323,urn:cite:ecod:muncg212img.MunCG212-page324
urn:cite:episteme:muncg212.160v,324,urn:cite:ecod:muncg212img.MunCG212-page325
urn:cite:episteme:muncg212.161r,325,urn:cite:ecod:muncg212img.MunCG212-page326
urn:cite:episteme:muncg212.161v,326,urn:cite:ecod:muncg212img.MunCG212-page327
urn:cite:episteme:muncg212.162r,327,urn:cite:ecod:muncg212img.MunCG212-page328
urn:cite:episteme:muncg212.162v,328,urn:cite:ecod:muncg212img.MunCG212-page329
urn:cite:episteme:muncg212.163r,329,urn:cite:ecod:muncg212img.MunCG212-page330
urn:cite:episteme:muncg212.163v,330,urn:cite:ecod:muncg212img.MunCG212-page331
urn:cite:episteme:muncg212.164r,331,urn:cite:ecod:muncg212img.MunCG212-page332
urn:cite:episteme:muncg212.164v,332,urn:cite:ecod:muncg212img.MunCG212-page333
urn:cite:episteme:muncg212.165r,333,urn:cite:ecod:muncg212img.MunCG212-page334
urn:cite:episteme:muncg212.165v,334,urn:cite:ecod:muncg212img.MunCG212-page335
urn:cite:episteme:muncg212.166r,335,urn:cite:ecod:muncg212img.MunCG212-page336
urn:cite:episteme:muncg212.166v,336,urn:cite:ecod:muncg212img.MunCG212-page337
urn:cite:episteme:muncg212.167r,337,urn:cite:ecod:muncg212img.MunCG212-page338
urn:cite:episteme:muncg212.167v,338,urn:cite:ecod:muncg212img.MunCG212-page339
urn:cite:episteme:muncg212.168r,339,urn:cite:ecod:muncg212img.MunCG212-page340
urn:cite:episteme:muncg212.168v,340,urn:cite:ecod:muncg212img.MunCG212-page341
urn:cite:episteme:muncg212.169r,341,urn:cite:ecod:muncg212img.MunCG212-page342
urn:cite:episteme:muncg212.169v,342,urn:cite:ecod:muncg212img.MunCG212-page343
urn:cite:episteme:muncg212.170r,343,urn:cite:ecod:muncg212img.MunCG212-page344
urn:cite:episteme:muncg212.170v,344,urn:cite:ecod:muncg212img.MunCG212-page345
urn:cite:episteme:muncg212.171r,345,urn:cite:ecod:muncg212img.MunCG212-page346
urn:cite:episteme:muncg212.171v,346,urn:cite:ecod:muncg212img.MunCG212-page347
urn:cite:episteme:muncg212.172r,347,urn:cite:ecod:muncg212img.MunCG212-page348
urn:cite:episteme:muncg212.172v,348,urn:cite:ecod:muncg212img.MunCG212-page349
urn:cite:episteme:muncg212.173r,349,urn:cite:ecod:muncg212img.MunCG212-page350
urn:cite:episteme:muncg212.173v,350,urn:cite:ecod:muncg212img.MunCG212-page351
urn:cite:episteme:muncg212.174r,351,urn:cite:ecod:muncg212img.MunCG212-page352
urn:cite:episteme:muncg212.174v,352,urn:cite:ecod:muncg212img.MunCG212-page353
urn:cite:episteme:muncg212.175r,353,urn:cite:ecod:muncg212img.MunCG212-page354
urn:cite:episteme:muncg212.175v,354,urn:cite:ecod:muncg212img.MunCG212-page355
urn:cite:episteme:muncg212.176r,355,urn:cite:ecod:muncg212img.MunCG212-page356
urn:cite:episteme:muncg212.176v,356,urn:cite:ecod:muncg212img.MunCG212-page357
urn:cite:episteme:muncg212.177r,357,urn:cite:ecod:muncg212img.MunCG212-page358
urn:cite:episteme:muncg212.177v,358,urn:cite:ecod:muncg212img.MunCG212-page359
urn:cite:episteme:muncg212.178r,359,urn:cite:ecod:muncg212img.MunCG212-page360
urn:cite:episteme:muncg212.178v,360,urn:cite:ecod:muncg212img.MunCG212-page361
urn:cite:episteme:muncg212.179r,361,urn:cite:ecod:muncg212img.MunCG212-page362
urn:cite:episteme:muncg212.179v,362,urn:cite:ecod:muncg212img.MunCG212-page363
urn:cite:episteme:muncg212.180r,363,urn:cite:ecod:muncg212img.MunCG212-page364
urn:cite:episteme:muncg212.180v,364,urn:cite:ecod:muncg212img.MunCG212-page365
urn:cite:episteme:muncg212.181r,365,urn:cite:ecod:muncg212img.MunCG212-page366
urn:cite:episteme:muncg212.181v,366,urn:cite:ecod:muncg212img.MunCG212-page367
urn:cite:episteme:muncg212.182r,367,urn:cite:ecod:muncg212img.MunCG212-page368
urn:cite:episteme:muncg212.182v,368,urn:cite:ecod:muncg212img.MunCG212-page369
urn:cite:episteme:muncg212.183r,369,urn:cite:ecod:muncg212img.MunCG212-page370
urn:cite:episteme:muncg212.183v,370,urn:cite:ecod:muncg212img.MunCG212-page371
urn:cite:episteme:muncg212.184r,371,urn:cite:ecod:muncg212img.MunCG212-page372
urn:cite:episteme:muncg212.184v,372,urn:cite:ecod:muncg212img.MunCG212-page373
urn:cite:episteme:muncg212.185r,373,urn:cite:ecod:muncg212img.MunCG212-page374
urn:cite:episteme:muncg212.185v,374,urn:cite:ecod:muncg212img.MunCG212-page375
urn:cite:episteme:muncg212.186r,375,urn:cite:ecod:muncg212img.MunCG212-page376
urn:cite:episteme:muncg212.186v,376,urn:cite:ecod:muncg212img.MunCG212-page377
urn:cite:episteme:muncg212.187r,377,urn:cite:ecod:muncg212img.MunCG212-page378
urn:cite:episteme:muncg212.187v,378,urn:cite:ecod:muncg212img.MunCG212-page379
urn:cite:episteme:muncg212.188r,379,urn:cite:ecod:muncg212img.MunCG212-page380
urn:cite:episteme:muncg212.188v,380,urn:cite:ecod:muncg212img.MunCG212-page381
urn:cite:episteme:muncg212.189r,381,urn:cite:ecod:muncg212img.MunCG212-page382
urn:cite:episteme:muncg212.189v,382,urn:cite:ecod:muncg212img.MunCG212-page383
urn:cite:episteme:muncg212.190r,383,urn:cite:ecod:muncg212img.MunCG212-page384
urn:cite:episteme:muncg212.190v,384,urn:cite:ecod:muncg212img.MunCG212-page385
urn:cite:episteme:muncg212.191r,385,urn:cite:ecod:muncg212img.MunCG212-page386
urn:cite:episteme:muncg212.191v,386,urn:cite:ecod:muncg212img.MunCG212-page387
urn:cite:episteme:muncg212.192r,387,urn:cite:ecod:muncg212img.MunCG212-page388
urn:cite:episteme:muncg212.192v,388,urn:cite:ecod:muncg212img.MunCG212-page389
urn:cite:episteme:muncg212.193r,389,urn:cite:ecod:muncg212img.MunCG212-page390
urn:cite:episteme:muncg212.193v,390,urn:cite:ecod:muncg212img.MunCG212-page391
urn:cite:episteme:muncg212.194r,391,urn:cite:ecod:muncg212img.MunCG212-page392
urn:cite:episteme:muncg212.194v,392,urn:cite:ecod:muncg212img.MunCG212-page393
urn:cite:episteme:muncg212.195r,393,urn:cite:ecod:muncg212img.MunCG212-page394
urn:cite:episteme:muncg212.195v,394,urn:cite:ecod:muncg212img.MunCG212-page395
urn:cite:episteme:muncg212.196r,395,urn:cite:ecod:muncg212img.MunCG212-page396
urn:cite:episteme:muncg212.196v,396,urn:cite:ecod:muncg212img.MunCG212-page397
urn:cite:episteme:muncg212.197r,397,urn:cite:ecod:muncg212img.MunCG212-page398
urn:cite:episteme:muncg212.197v,398,urn:cite:ecod:muncg212img.MunCG212-page399
urn:cite:episteme:muncg212.198r,399,urn:cite:ecod:muncg212img.MunCG212-page400
urn:cite:episteme:muncg212.198v,400,urn:cite:ecod:muncg212img.MunCG212-page401
urn:cite:episteme:muncg212.199r,401,urn:cite:ecod:muncg212img.MunCG212-page402
urn:cite:episteme:muncg212.199v,402,urn:cite:ecod:muncg212img.MunCG212-page403
urn:cite:episteme:muncg212.200r,403,urn:cite:ecod:muncg212img.MunCG212-page404
urn:cite:episteme:muncg212.200v,404,urn:cite:ecod:muncg212img.MunCG212-page405
urn:cite:episteme:muncg212.201r,405,urn:cite:ecod:muncg212img.MunCG212-page406
urn:cite:episteme:muncg212.201v,406,urn:cite:ecod:muncg212img.MunCG212-page407
urn:cite:episteme:muncg212.202r,407,urn:cite:ecod:muncg212img.MunCG212-page408
urn:cite:episteme:muncg212.202v,408,urn:cite:ecod:muncg212img.MunCG212-page409
urn:cite:episteme:muncg212.203r,409,urn:cite:ecod:muncg212img.MunCG212-page410
urn:cite:episteme:muncg212.203v,410,urn:cite:ecod:muncg212img.MunCG212-page411
urn:cite:episteme:muncg212.204r,411,urn:cite:ecod:muncg212img.MunCG212-page412
urn:cite:episteme:muncg212.204v,412,urn:cite:ecod:muncg212img.MunCG212-page413
urn:cite:episteme:muncg212.205r,413,urn:cite:ecod:muncg212img.MunCG212-page414
urn:cite:episteme:muncg212.205v,414,urn:cite:ecod:muncg212img.MunCG212-page415
urn:cite:episteme:muncg212.206r,415,urn:cite:ecod:muncg212img.MunCG212-page416
urn:cite:episteme:muncg212.206v,416,urn:cite:ecod:muncg212img.MunCG212-page417
urn:cite:episteme:muncg212.207r,417,urn:cite:ecod:muncg212img.MunCG212-page418
urn:cite:episteme:muncg212.207v,418,urn:cite:ecod:muncg212img.MunCG212-page419
urn:cite:episteme:muncg212.208r,419,urn:cite:ecod:muncg212img.MunCG212-page420
urn:cite:episteme:muncg212.208v,420,urn:cite:ecod:muncg212img.MunCG212-page421
urn:cite:episteme:muncg212.209r,421,urn:cite:ecod:muncg212img.MunCG212-page422
urn:cite:episteme:muncg212.209v,422,urn:cite:ecod:muncg212img.MunCG212-page423
urn:cite:episteme:muncg212.210r,423,urn:cite:ecod:muncg212img.MunCG212-page424
urn:cite:episteme:muncg212.210v,424,urn:cite:ecod:muncg212img.MunCG212-page425
urn:cite:episteme:muncg212.211r,425,urn:cite:ecod:muncg212img.MunCG212-page426
urn:cite:episteme:muncg212.211v,426,urn:cite:ecod:muncg212img.MunCG212-page427
urn:cite:episteme:muncg212.212r,427,urn:cite:ecod:muncg212img.MunCG212-page428
urn:cite:episteme:muncg212.212v,428,urn:cite:ecod:muncg212img.MunCG212-page429
urn:cite:episteme:muncg212.213r,429,urn:cite:ecod:muncg212img.MunCG212-page430
urn:cite:episteme:muncg212.213v,430,urn:cite:ecod:muncg212img.MunCG212-page431
urn:cite:episteme:muncg212.214r,431,urn:cite:ecod:muncg212img.MunCG212-page432
urn:cite:episteme:muncg212.214v,432,urn:cite:ecod:muncg212img.MunCG212-page433
urn:cite:episteme:muncg212.215r,433,urn:cite:ecod:muncg212img.MunCG212-page434
urn:cite:episteme:muncg212.215v,434,urn:cite:ecod:muncg212img.MunCG212-page435
urn:cite:episteme:muncg212.216r,435,urn:cite:ecod:muncg212img.MunCG212-page436
urn:cite:episteme:muncg212.216v,436,urn:cite:ecod:muncg212img.MunCG212-page437
urn:cite:episteme:muncg212.217r,437,urn:cite:ecod:muncg212img.MunCG212-page438
urn:cite:episteme:muncg212.217v,438,urn:cite:ecod:muncg212img.MunCG212-page439
urn:cite:episteme:muncg212.218r,439,urn:cite:ecod:muncg212img.MunCG212-page440
urn:cite:episteme:muncg212.218v,440,urn:cite:ecod:muncg212img.MunCG212-page441
urn:cite:episteme:muncg212.219r,441,urn:cite:ecod:muncg212img.MunCG212-page442
urn:cite:episteme:muncg212.219v,442,urn:cite:ecod:muncg212img.MunCG212-page443
urn:cite:episteme:muncg212.220r,443,urn:cite:ecod:muncg212img.MunCG212-page444
urn:cite:episteme:muncg212.220v,444,urn:cite:ecod:muncg212img.MunCG212-page445
urn:cite:episteme:muncg212.221r,445,urn:cite:ecod:muncg212img.MunCG212-page446
urn:cite:episteme:muncg212.221v,446,urn:cite:ecod:muncg212img.MunCG212-page447
urn:cite:episteme:muncg212.222r,447,urn:cite:ecod:muncg212img.MunCG212-page448
urn:cite:episteme:muncg212.222v,448,urn:cite:ecod:muncg212img.MunCG212-page449
urn:cite:episteme:muncg212.223r,449,urn:cite:ecod:muncg212img.MunCG212-page450
urn:cite:episteme:muncg212.223v,450,urn:cite:ecod:muncg212img.MunCG212-page451
urn:cite:episteme:muncg212.224r,451,urn:cite:ecod:muncg212img.MunCG212-page452
urn:cite:episteme:muncg212.224v,452,urn:cite:ecod:muncg212img.MunCG212-page453
urn:cite:episteme:muncg212.225r,453,urn:cite:ecod:muncg212img.MunCG212-page454
urn:cite:episteme:muncg212.225v,454,urn:cite:ecod:muncg212img.MunCG212-page455
urn:cite:episteme:muncg212.226r,455,urn:cite:ecod:muncg212img.MunCG212-page456
urn:cite:episteme:muncg212.226v,456,urn:cite:ecod:muncg212img.MunCG212-page457
urn:cite:episteme:muncg212.227r,457,urn:cite:ecod:muncg212img.MunCG212-page458
urn:cite:episteme:muncg212.227v,458,urn:cite:ecod:muncg212img.MunCG212-page459
urn:cite:episteme:muncg212.228r,459,urn:cite:ecod:muncg212img.MunCG212-page460
urn:cite:episteme:muncg212.228v,460,urn:cite:ecod:muncg212img.MunCG212-page461
urn:cite:episteme:muncg212.229r,461,urn:cite:ecod:muncg212img.MunCG212-page462
urn:cite:episteme:muncg212.229v,462,urn:cite:ecod:muncg212img.MunCG212-page463
urn:cite:episteme:muncg212.230r,463,urn:cite:ecod:muncg212img.MunCG212-page464
urn:cite:episteme:muncg212.230v,464,urn:cite:ecod:muncg212img.MunCG212-page465
urn:cite:episteme:muncg212.231r,465,urn:cite:ecod:muncg212img.MunCG212-page466
urn:cite:episteme:muncg212.231v,466,urn:cite:ecod:muncg212img.MunCG212-page467
urn:cite:episteme:muncg212.232r,467,urn:cite:ecod:muncg212img.MunCG212-page468
urn:cite:episteme:muncg212.232v,468,urn:cite:ecod:muncg212img.MunCG212-page469
urn:cite:episteme:muncg212.233r,469,urn:cite:ecod:muncg212img.MunCG212-page470
urn:cite:episteme:muncg212.233v,470,urn:cite:ecod:muncg212img.MunCG212-page471
urn:cite:episteme:muncg212.234r,471,urn:cite:ecod:muncg212img.MunCG212-page472
urn:cite:episteme:muncg212.234v,472,urn:cite:ecod:muncg212img.MunCG212-page473
urn:cite:episteme:muncg212.235r,473,urn:cite:ecod:muncg212img.MunCG212-page474
urn:cite:episteme:muncg212.235v,474,urn:cite:ecod:muncg212img.MunCG212-page475
urn:cite:episteme:muncg212.236r,475,urn:cite:ecod:muncg212img.MunCG212-page476
urn:cite:episteme:muncg212.236v,476,urn:cite:ecod:muncg212img.MunCG212-page477
urn:cite:episteme:muncg212.237r,477,urn:cite:ecod:muncg212img.MunCG212-page478
urn:cite:episteme:muncg212.237v,478,urn:cite:ecod:muncg212img.MunCG212-page479
urn:cite:episteme:muncg212.238r,479,urn:cite:ecod:muncg212img.MunCG212-page480
urn:cite:episteme:muncg212.238v,480,urn:cite:ecod:muncg212img.MunCG212-page481
urn:cite:episteme:muncg212.239r,481,urn:cite:ecod:muncg212img.MunCG212-page482
urn:cite:episteme:muncg212.239v,482,urn:cite:ecod:muncg212img.MunCG212-page483
urn:cite:episteme:muncg212.240r,483,urn:cite:ecod:muncg212img.MunCG212-page484
urn:cite:episteme:muncg212.240v,484,urn:cite:ecod:muncg212img.MunCG212-page485
urn:cite:episteme:muncg212.241r,485,urn:cite:ecod:muncg212img.MunCG212-page486
urn:cite:episteme:muncg212.241v,486,urn:cite:ecod:muncg212img.MunCG212-page487
urn:cite:episteme:muncg212.242r,487,urn:cite:ecod:muncg212img.MunCG212-page488
urn:cite:episteme:muncg212.242v,488,urn:cite:ecod:muncg212img.MunCG212-page489
urn:cite:episteme:muncg212.243r,489,urn:cite:ecod:muncg212img.MunCG212-page490
urn:cite:episteme:muncg212.243v,490,urn:cite:ecod:muncg212img.MunCG212-page491
urn:cite:episteme:muncg212.244r,491,urn:cite:ecod:muncg212img.MunCG212-page492
urn:cite:episteme:muncg212.244v,492,urn:cite:ecod:muncg212img.MunCG212-page493
urn:cite:episteme:muncg212.245r,493,urn:cite:ecod:muncg212img.MunCG212-page494
urn:cite:episteme:muncg212.245v,494,urn:cite:ecod:muncg212img.MunCG212-page495
urn:cite:episteme:muncg212.246r,495,urn:cite:ecod:muncg212img.MunCG212-page496
urn:cite:episteme:muncg212.246v,496,urn:cite:ecod:muncg212img.MunCG212-page497
urn:cite:episteme:muncg212.247r,497,urn:cite:ecod:muncg212img.MunCG212-page498
urn:cite:episteme:muncg212.247v,498,urn:cite:ecod:muncg212img.MunCG212-page499
urn:cite:episteme:muncg212.248r,499,urn:cite:ecod:muncg212img.MunCG212-page500
urn:cite:episteme:muncg212.248v,500,urn:cite:ecod:muncg212img.MunCG212-page501
urn:cite:episteme:muncg212.249r,501,urn:cite:ecod:muncg212img.MunCG212-page502
urn:cite:episteme:muncg212.249v,502,urn:cite:ecod:muncg212img.MunCG212-page503
urn:cite:episteme:muncg212.250r,503,urn:cite:ecod:muncg212img.MunCG212-page504
urn:cite:episteme:muncg212.250v,504,urn:cite:ecod:muncg212img.MunCG212-page505
urn:cite:episteme:muncg212.251r,505,urn:cite:ecod:muncg212img.MunCG212-page506
urn:cite:episteme:muncg212.251v,506,urn:cite:ecod:muncg212img.MunCG212-page507
urn:cite:episteme:muncg212.252r,507,urn:cite:ecod:muncg212img.MunCG212-page508
urn:cite:episteme:muncg212.252v,508,urn:cite:ecod:muncg212img.MunCG212-page509
urn:cite:episteme:muncg212.253r,509,urn:cite:ecod:muncg212img.MunCG212-page510
urn:cite:episteme:muncg212.253v,510,urn:cite:ecod:muncg212img.MunCG212-page511
urn:cite:episteme:muncg212.254r,511,urn:cite:ecod:muncg212img.MunCG212-page512
urn:cite:episteme:muncg212.254v,512,urn:cite:ecod:muncg212img.MunCG212-page513
urn:cite:episteme:muncg212.255r,513,urn:cite:ecod:muncg212img.MunCG212-page514
urn:cite:episteme:muncg212.255v,514,urn:cite:ecod:muncg212img.MunCG212-page515
urn:cite:episteme:muncg212.256r,515,urn:cite:ecod:muncg212img.MunCG212-page516
urn:cite:episteme:muncg212.256v,516,urn:cite:ecod:muncg212img.MunCG212-page517
urn:cite:episteme:muncg212.257r,517,urn:cite:ecod:muncg212img.MunCG212-page518
urn:cite:episteme:muncg212.257v,518,urn:cite:ecod:muncg212img.MunCG212-page519
urn:cite:episteme:muncg212.258r,519,urn:cite:ecod:muncg212img.MunCG212-page520
urn:cite:episteme:muncg212.258v,520,urn:cite:ecod:muncg212img.MunCG212-page521
urn:cite:episteme:muncg212.259r,521,urn:cite:ecod:muncg212img.MunCG212-page522
urn:cite:episteme:muncg212.259v,522,urn:cite:ecod:muncg212img.MunCG212-page523
urn:cite:episteme:muncg212.260r,523,urn:cite:ecod:muncg212img.MunCG212-page524
urn:cite:episteme:muncg212.260v,524,urn:cite:ecod:muncg212img.MunCG212-page525
urn:cite:episteme:muncg212.261r,525,urn:cite:ecod:muncg212img.MunCG212-page526
urn:cite:episteme:muncg212.261v,526,urn:cite:ecod:muncg212img.MunCG212-page527
urn:cite:episteme:muncg212.262r,527,urn:cite:ecod:muncg212img.MunCG212-page528
urn:cite:episteme:muncg212.262v,528,urn:cite:ecod:muncg212img.MunCG212-page529
urn:cite:episteme:muncg212.263r,529,urn:cite:ecod:muncg212img.MunCG212-page530
urn:cite:episteme:muncg212.263v,530,urn:cite:ecod:muncg212img.MunCG212-page531
urn:cite:episteme:muncg212.264r,531,urn:cite:ecod:muncg212img.MunCG212-page532
urn:cite:episteme:muncg212.264v,532,urn:cite:ecod:muncg212img.MunCG212-page533
urn:cite:episteme:muncg212.265r,533,urn:cite:ecod:muncg212img.MunCG212-page534
urn:cite:episteme:muncg212.265v,534,urn:cite:ecod:muncg212img.MunCG212-page535
urn:cite:episteme:muncg212.266r,535,urn:cite:ecod:muncg212img.MunCG212-page536
urn:cite:episteme:muncg212.266v,536,urn:cite:ecod:muncg212img.MunCG212-page537
urn:cite:episteme:muncg212.267r,537,urn:cite:ecod:muncg212img.MunCG212-page538
urn:cite:episteme:muncg212.267v,538,urn:cite:ecod:muncg212img.MunCG212-page539
urn:cite:episteme:muncg212.268r,539,urn:cite:ecod:muncg212img.MunCG212-page540
urn:cite:episteme:muncg212.268v,540,urn:cite:ecod:muncg212img.MunCG212-page541
urn:cite:episteme:muncg212.269r,541,urn:cite:ecod:muncg212img.MunCG212-page542
urn:cite:episteme:muncg212.269v,542,urn:cite:ecod:muncg212img.MunCG212-page543
urn:cite:episteme:muncg212.270r,543,urn:cite:ecod:muncg212img.MunCG212-page544
urn:cite:episteme:muncg212.270v,544,urn:cite:ecod:muncg212img.MunCG212-page545
urn:cite:episteme:muncg212.271r,545,urn:cite:ecod:muncg212img.MunCG212-page546
urn:cite:episteme:muncg212.271v,546,urn:cite:ecod:muncg212img.MunCG212-page547
urn:cite:episteme:muncg212.ib_r,547,urn:cite:ecod:muncg212img.MunCG212-page548
urn:cite:episteme:muncg212.ib_v,548,urn:cite:ecod:muncg212img.MunCG212-page549
urn:cite:episteme:muncg212.inside_back_cover,549,urn:cite:ecod:muncg212img.MunCG212-page550
urn:cite:episteme:muncg212.back_cover,550,urn:cite:ecod:muncg212img.MunCG212-page551
